id,human_readable_id,community,level,parent,children,title,summary,full_content,rank,rating_explanation,findings,full_content_json,period,size
7daeed59892c416ea900465372fc4fda,0,0,0,-1,[],應用容器與CSS屬性社群,該社群圍繞著主應用容器及其相關的CSS屬性，這些屬性共同構成了應用的外觀和功能。主應用容器與多個CSS屬性之間存在著密切的關係，這些關係對於應用的設計和用戶體驗至關重要。,"# 應用容器與CSS屬性社群

該社群圍繞著主應用容器及其相關的CSS屬性，這些屬性共同構成了應用的外觀和功能。主應用容器與多個CSS屬性之間存在著密切的關係，這些關係對於應用的設計和用戶體驗至關重要。

## 主應用容器的核心角色

主應用容器是整個應用的最外層包裹器，負責將內容居中顯示。這一角色使其成為所有其他元素的基礎，確保應用的整體結構和用戶互動的入口。主應用容器的設計直接影響到用戶的使用體驗，若設計不當，可能會導致用戶無法有效地與應用互動。 [Data: Entities (35); Relationships (17)]

## CSS屬性對應用的影響

CSS屬性如max-width和margin對於應用的外觀和佈局至關重要。這些屬性不僅影響元素的顯示方式，還能確保在不同設備上的最佳閱讀體驗。特別是max-width屬性，能夠防止內容在大螢幕上過度拉伸，從而提升可讀性。 [Data: Entities (59, 60, 67); Relationships (33, 34, 36)]

## 表單區域的互動性

主應用容器包含表單區域，作為用戶與系統互動的入口。這一設計使得用戶能夠方便地提交信息或進行操作，從而提升了應用的互動性。表單的設計和功能直接影響用戶的滿意度和應用的整體效能。 [Data: Entities (35); Relationships (17)]

## CSS屬性之間的相互關係

APP容器使用多個CSS屬性來確保最佳的顯示效果，例如使用margin: 0 auto來置中顯示內容。這些屬性之間的相互作用能夠提升應用的整體美觀和功能性，確保用戶在使用過程中獲得良好的體驗。 [Data: Entities (60, 67); Relationships (34, 36)]

## 應用設計的最佳實踐

在設計應用時，遵循CSS屬性的最佳實踐是至關重要的。這不僅能夠提升應用的可用性，還能確保在不同設備上的一致性。設計者應該充分利用max-width和margin等屬性，以達到最佳的視覺效果和用戶體驗。 [Data: Entities (59, 60, 67); Relationships (33, 34)]",6.5,影響嚴重性評分為中高，因為這些技術元素對於應用的可用性和用戶體驗有直接影響。,"[{'explanation': '主應用容器是整個應用的最外層包裹器，負責將內容居中顯示。這一角色使其成為所有其他元素的基礎，確保應用的整體結構和用戶互動的入口。主應用容器的設計直接影響到用戶的使用體驗，若設計不當，可能會導致用戶無法有效地與應用互動。 [Data: Entities (35); Relationships (17)]', 'summary': '主應用容器的核心角色'}
 {'explanation': 'CSS屬性如max-width和margin對於應用的外觀和佈局至關重要。這些屬性不僅影響元素的顯示方式，還能確保在不同設備上的最佳閱讀體驗。特別是max-width屬性，能夠防止內容在大螢幕上過度拉伸，從而提升可讀性。 [Data: Entities (59, 60, 67); Relationships (33, 34, 36)]', 'summary': 'CSS屬性對應用的影響'}
 {'explanation': '主應用容器包含表單區域，作為用戶與系統互動的入口。這一設計使得用戶能夠方便地提交信息或進行操作，從而提升了應用的互動性。表單的設計和功能直接影響用戶的滿意度和應用的整體效能。 [Data: Entities (35); Relationships (17)]', 'summary': '表單區域的互動性'}
 {'explanation': 'APP容器使用多個CSS屬性來確保最佳的顯示效果，例如使用margin: 0 auto來置中顯示內容。這些屬性之間的相互作用能夠提升應用的整體美觀和功能性，確保用戶在使用過程中獲得良好的體驗。 [Data: Entities (60, 67); Relationships (34, 36)]', 'summary': 'CSS屬性之間的相互關係'}
 {'explanation': '在設計應用時，遵循CSS屬性的最佳實踐是至關重要的。這不僅能夠提升應用的可用性，還能確保在不同設備上的一致性。設計者應該充分利用max-width和margin等屬性，以達到最佳的視覺效果和用戶體驗。 [Data: Entities (59, 60, 67); Relationships (33, 34)]', 'summary': '應用設計的最佳實踐'}]","{
    ""title"": ""應用容器與CSS屬性社群"",
    ""summary"": ""該社群圍繞著主應用容器及其相關的CSS屬性，這些屬性共同構成了應用的外觀和功能。主應用容器與多個CSS屬性之間存在著密切的關係，這些關係對於應用的設計和用戶體驗至關重要。"",
    ""findings"": [
        {
            ""summary"": ""主應用容器的核心角色"",
            ""explanation"": ""主應用容器是整個應用的最外層包裹器，負責將內容居中顯示。這一角色使其成為所有其他元素的基礎，確保應用的整體結構和用戶互動的入口。主應用容器的設計直接影響到用戶的使用體驗，若設計不當，可能會導致用戶無法有效地與應用互動。 [Data: Entities (35); Relationships (17)]""
        },
        {
            ""summary"": ""CSS屬性對應用的影響"",
            ""explanation"": ""CSS屬性如max-width和margin對於應用的外觀和佈局至關重要。這些屬性不僅影響元素的顯示方式，還能確保在不同設備上的最佳閱讀體驗。特別是max-width屬性，能夠防止內容在大螢幕上過度拉伸，從而提升可讀性。 [Data: Entities (59, 60, 67); Relationships (33, 34, 36)]""
        },
        {
            ""summary"": ""表單區域的互動性"",
            ""explanation"": ""主應用容器包含表單區域，作為用戶與系統互動的入口。這一設計使得用戶能夠方便地提交信息或進行操作，從而提升了應用的互動性。表單的設計和功能直接影響用戶的滿意度和應用的整體效能。 [Data: Entities (35); Relationships (17)]""
        },
        {
            ""summary"": ""CSS屬性之間的相互關係"",
            ""explanation"": ""APP容器使用多個CSS屬性來確保最佳的顯示效果，例如使用margin: 0 auto來置中顯示內容。這些屬性之間的相互作用能夠提升應用的整體美觀和功能性，確保用戶在使用過程中獲得良好的體驗。 [Data: Entities (60, 67); Relationships (34, 36)]""
        },
        {
            ""summary"": ""應用設計的最佳實踐"",
            ""explanation"": ""在設計應用時，遵循CSS屬性的最佳實踐是至關重要的。這不僅能夠提升應用的可用性，還能確保在不同設備上的一致性。設計者應該充分利用max-width和margin等屬性，以達到最佳的視覺效果和用戶體驗。 [Data: Entities (59, 60, 67); Relationships (33, 34)]""
        }
    ],
    ""rating"": 6.5,
    ""rating_explanation"": ""影響嚴重性評分為中高，因為這些技術元素對於應用的可用性和用戶體驗有直接影響。""
}",2026-02-12,4
f5517e62480f493d87ca4a26ddc46032,1,1,0,-1,[],待辦事項表單社群,該社群圍繞著待辦事項表單的結構，包含用戶輸入待辦事項的區域及其相關功能。主要實體包括待辦事項表單、提交事件、輸入框、按鈕和必填屬性，這些實體之間的關係顯示了用戶如何與系統互動以管理待辦事項。,"# 待辦事項表單社群

該社群圍繞著待辦事項表單的結構，包含用戶輸入待辦事項的區域及其相關功能。主要實體包括待辦事項表單、提交事件、輸入框、按鈕和必填屬性，這些實體之間的關係顯示了用戶如何與系統互動以管理待辦事項。

## 待辦事項表單的核心角色

待辦事項表單是該社群的核心實體，提供用戶輸入和管理待辦事項的界面。這個表單不僅是用戶與系統互動的入口，還整合了多個功能模塊，如輸入框和提交按鈕。待辦事項表單的設計和功能直接影響用戶的使用體驗，若表單設計不當，可能會導致用戶無法有效管理其待辦事項，進而影響其工作效率。[Data: Entities (36); Relationships (19, 20, 21, 22)]

## 提交事件的重要性

提交事件是用戶提交待辦事項的關鍵觸發點，這一事件的設計影響著待辦事項的新增過程。當用戶在表單中輸入待辦事項並觸發提交事件時，系統會將該事項新增至待辦事項列表。若提交事件未能正確執行，將會導致用戶的輸入無法被保存，影響用戶的信任度和使用意願。[Data: Entities (37); Relationships (19)]

## 輸入框的功能與設計

輸入框是用戶輸入待辦事項的主要界面，設計良好的輸入框能夠提升用戶的輸入效率。該輸入框設有placeholder提示，幫助用戶理解應該輸入什麼內容。若輸入框的設計不夠直觀，可能會導致用戶困惑，從而影響其使用體驗和待辦事項的管理效率。[Data: Entities (40); Relationships (20)]

## 新增按鈕的功能

新增按鈕是用戶提交待辦事項的直接操作，這一按鈕的可見性和易用性對用戶的操作流暢性至關重要。若按鈕設計不佳，可能會導致用戶無法輕易地提交其待辦事項，從而影響整體的使用體驗。按鈕的功能性和可用性直接影響用戶的滿意度和系統的有效性。[Data: Entities (41); Relationships (21)]

## 必填屬性的驗證機制

必填屬性用於防止用戶提交空白的待辦事項，這一驗證機制能夠提升數據的完整性和準確性。透過瀏覽器內建的驗證機制，系統能夠即時反饋用戶的輸入狀態，這對於提升用戶體驗至關重要。若驗證機制未能正常運作，將可能導致用戶提交不完整的數據，影響待辦事項的管理效果。[Data: Entities (38); Relationships (22)]",4.0,影響嚴重性評分為中等，因為該社群的功能對用戶的日常任務管理具有重要性。,"[{'explanation': '待辦事項表單是該社群的核心實體，提供用戶輸入和管理待辦事項的界面。這個表單不僅是用戶與系統互動的入口，還整合了多個功能模塊，如輸入框和提交按鈕。待辦事項表單的設計和功能直接影響用戶的使用體驗，若表單設計不當，可能會導致用戶無法有效管理其待辦事項，進而影響其工作效率。[Data: Entities (36); Relationships (19, 20, 21, 22)]', 'summary': '待辦事項表單的核心角色'}
 {'explanation': '提交事件是用戶提交待辦事項的關鍵觸發點，這一事件的設計影響著待辦事項的新增過程。當用戶在表單中輸入待辦事項並觸發提交事件時，系統會將該事項新增至待辦事項列表。若提交事件未能正確執行，將會導致用戶的輸入無法被保存，影響用戶的信任度和使用意願。[Data: Entities (37); Relationships (19)]', 'summary': '提交事件的重要性'}
 {'explanation': '輸入框是用戶輸入待辦事項的主要界面，設計良好的輸入框能夠提升用戶的輸入效率。該輸入框設有placeholder提示，幫助用戶理解應該輸入什麼內容。若輸入框的設計不夠直觀，可能會導致用戶困惑，從而影響其使用體驗和待辦事項的管理效率。[Data: Entities (40); Relationships (20)]', 'summary': '輸入框的功能與設計'}
 {'explanation': '新增按鈕是用戶提交待辦事項的直接操作，這一按鈕的可見性和易用性對用戶的操作流暢性至關重要。若按鈕設計不佳，可能會導致用戶無法輕易地提交其待辦事項，從而影響整體的使用體驗。按鈕的功能性和可用性直接影響用戶的滿意度和系統的有效性。[Data: Entities (41); Relationships (21)]', 'summary': '新增按鈕的功能'}
 {'explanation': '必填屬性用於防止用戶提交空白的待辦事項，這一驗證機制能夠提升數據的完整性和準確性。透過瀏覽器內建的驗證機制，系統能夠即時反饋用戶的輸入狀態，這對於提升用戶體驗至關重要。若驗證機制未能正常運作，將可能導致用戶提交不完整的數據，影響待辦事項的管理效果。[Data: Entities (38); Relationships (22)]', 'summary': '必填屬性的驗證機制'}]","{
    ""title"": ""待辦事項表單社群"",
    ""summary"": ""該社群圍繞著待辦事項表單的結構，包含用戶輸入待辦事項的區域及其相關功能。主要實體包括待辦事項表單、提交事件、輸入框、按鈕和必填屬性，這些實體之間的關係顯示了用戶如何與系統互動以管理待辦事項。"",
    ""findings"": [
        {
            ""summary"": ""待辦事項表單的核心角色"",
            ""explanation"": ""待辦事項表單是該社群的核心實體，提供用戶輸入和管理待辦事項的界面。這個表單不僅是用戶與系統互動的入口，還整合了多個功能模塊，如輸入框和提交按鈕。待辦事項表單的設計和功能直接影響用戶的使用體驗，若表單設計不當，可能會導致用戶無法有效管理其待辦事項，進而影響其工作效率。[Data: Entities (36); Relationships (19, 20, 21, 22)]""
        },
        {
            ""summary"": ""提交事件的重要性"",
            ""explanation"": ""提交事件是用戶提交待辦事項的關鍵觸發點，這一事件的設計影響著待辦事項的新增過程。當用戶在表單中輸入待辦事項並觸發提交事件時，系統會將該事項新增至待辦事項列表。若提交事件未能正確執行，將會導致用戶的輸入無法被保存，影響用戶的信任度和使用意願。[Data: Entities (37); Relationships (19)]""
        },
        {
            ""summary"": ""輸入框的功能與設計"",
            ""explanation"": ""輸入框是用戶輸入待辦事項的主要界面，設計良好的輸入框能夠提升用戶的輸入效率。該輸入框設有placeholder提示，幫助用戶理解應該輸入什麼內容。若輸入框的設計不夠直觀，可能會導致用戶困惑，從而影響其使用體驗和待辦事項的管理效率。[Data: Entities (40); Relationships (20)]""
        },
        {
            ""summary"": ""新增按鈕的功能"",
            ""explanation"": ""新增按鈕是用戶提交待辦事項的直接操作，這一按鈕的可見性和易用性對用戶的操作流暢性至關重要。若按鈕設計不佳，可能會導致用戶無法輕易地提交其待辦事項，從而影響整體的使用體驗。按鈕的功能性和可用性直接影響用戶的滿意度和系統的有效性。[Data: Entities (41); Relationships (21)]""
        },
        {
            ""summary"": ""必填屬性的驗證機制"",
            ""explanation"": ""必填屬性用於防止用戶提交空白的待辦事項，這一驗證機制能夠提升數據的完整性和準確性。透過瀏覽器內建的驗證機制，系統能夠即時反饋用戶的輸入狀態，這對於提升用戶體驗至關重要。若驗證機制未能正常運作，將可能導致用戶提交不完整的數據，影響待辦事項的管理效果。[Data: Entities (38); Relationships (22)]""
        }
    ],
    ""rating"": 4.0,
    ""rating_explanation"": ""影響嚴重性評分為中等，因為該社群的功能對用戶的日常任務管理具有重要性。""
}",2026-02-12,5
c40183701ae2414aac1d216398631b00,2,2,0,-1,[],待辦事項系統與渲染功能,該社群圍繞著待辦事項系統的核心功能，特別是 `renderTodos()` 函式如何與待辦事項列表及其相關元素互動。這些實體之間的關係顯示了它們在網頁設計中的重要性，並且強調了如何利用 CSS 選擇器和佈局技術來提升用戶體驗。,"# 待辦事項系統與渲染功能

該社群圍繞著待辦事項系統的核心功能，特別是 `renderTodos()` 函式如何與待辦事項列表及其相關元素互動。這些實體之間的關係顯示了它們在網頁設計中的重要性，並且強調了如何利用 CSS 選擇器和佈局技術來提升用戶體驗。

## 核心函式 `renderTodos()` 的重要性

`renderTodos()` 是該社群的核心函式，負責根據 `todoList` 的資料重新繪製畫面。這個函式的運作直接影響到用戶如何查看和互動待辦事項，若出現錯誤，將會影響整體用戶體驗。該函式的設計和實現必須確保其高效性和穩定性，以避免用戶在使用過程中遇到問題。[Data: Entities (74); Relationships (50, 48)]

## 待辦事項列表的 CSS 選擇器功能

待辦事項列表使用的 CSS 選擇器 `.todo-list` 是設計中不可或缺的一部分，幫助開發者針對待辦事項進行樣式設定。這個選擇器的有效使用能夠提升用戶界面的整體美觀性和可用性，從而增強用戶的互動體驗。若選擇器未能正確應用，可能會導致顯示問題，影響用戶的使用感受。[Data: Entities (8); Relationships (50)]

## 唯一識別碼的關鍵角色

唯一識別碼在待辦事項系統中扮演著至關重要的角色，確保每一筆待辦事項的獨特性。這不僅有助於在系統中正確識別和操作待辦事項，還能防止數據重複或混淆。若唯一識別碼的管理不當，將可能導致數據錯誤，影響用戶的信任度和系統的可靠性。[Data: Entities (77); Relationships (49)]

## 網格系統的佈局優勢

網格系統作為一種佈局方法，能夠自動排列待辦事項元素以適應不同螢幕寬度。這種靈活的佈局方式不僅提升了用戶體驗，還能確保在各種設備上都能良好顯示。若未能正確實施網格系統，可能會導致顯示不一致，影響用戶的使用體驗。[Data: Entities (56); Relationships (31)]

## Flexbox 技術的應用

Flexbox 是一種 CSS 排版模式，允許待辦事項列表中的元素靈活排列和對齊。這種技術的應用能夠提升界面的可用性和美觀性，並確保在不同螢幕尺寸下的良好顯示。若 Flexbox 的使用不當，可能會導致元素排列混亂，影響用戶的互動體驗。[Data: Entities (65); Relationships (38)]

## 換行行為的管理

`flex-wrap` 屬性用於管理待辦事項列表中元素的換行行為，這對於保持界面的整潔和可讀性至關重要。正確的換行行為能夠確保用戶在查看待辦事項時不會感到困惑，若未能妥善管理，可能會導致界面混亂，影響用戶的使用體驗。[Data: Entities (70); Relationships (39)]",7.5,影響嚴重性評分為中高，因為這些技術的有效性直接影響用戶的互動體驗和系統的穩定性。,"[{'explanation': '`renderTodos()` 是該社群的核心函式，負責根據 `todoList` 的資料重新繪製畫面。這個函式的運作直接影響到用戶如何查看和互動待辦事項，若出現錯誤，將會影響整體用戶體驗。該函式的設計和實現必須確保其高效性和穩定性，以避免用戶在使用過程中遇到問題。[Data: Entities (74); Relationships (50, 48)]', 'summary': '核心函式 `renderTodos()` 的重要性'}
 {'explanation': '待辦事項列表使用的 CSS 選擇器 `.todo-list` 是設計中不可或缺的一部分，幫助開發者針對待辦事項進行樣式設定。這個選擇器的有效使用能夠提升用戶界面的整體美觀性和可用性，從而增強用戶的互動體驗。若選擇器未能正確應用，可能會導致顯示問題，影響用戶的使用感受。[Data: Entities (8); Relationships (50)]', 'summary': '待辦事項列表的 CSS 選擇器功能'}
 {'explanation': '唯一識別碼在待辦事項系統中扮演著至關重要的角色，確保每一筆待辦事項的獨特性。這不僅有助於在系統中正確識別和操作待辦事項，還能防止數據重複或混淆。若唯一識別碼的管理不當，將可能導致數據錯誤，影響用戶的信任度和系統的可靠性。[Data: Entities (77); Relationships (49)]', 'summary': '唯一識別碼的關鍵角色'}
 {'explanation': '網格系統作為一種佈局方法，能夠自動排列待辦事項元素以適應不同螢幕寬度。這種靈活的佈局方式不僅提升了用戶體驗，還能確保在各種設備上都能良好顯示。若未能正確實施網格系統，可能會導致顯示不一致，影響用戶的使用體驗。[Data: Entities (56); Relationships (31)]', 'summary': '網格系統的佈局優勢'}
 {'explanation': 'Flexbox 是一種 CSS 排版模式，允許待辦事項列表中的元素靈活排列和對齊。這種技術的應用能夠提升界面的可用性和美觀性，並確保在不同螢幕尺寸下的良好顯示。若 Flexbox 的使用不當，可能會導致元素排列混亂，影響用戶的互動體驗。[Data: Entities (65); Relationships (38)]', 'summary': 'Flexbox 技術的應用'}
 {'explanation': '`flex-wrap` 屬性用於管理待辦事項列表中元素的換行行為，這對於保持界面的整潔和可讀性至關重要。正確的換行行為能夠確保用戶在查看待辦事項時不會感到困惑，若未能妥善管理，可能會導致界面混亂，影響用戶的使用體驗。[Data: Entities (70); Relationships (39)]', 'summary': '換行行為的管理'}]","{
    ""title"": ""待辦事項系統與渲染功能"",
    ""summary"": ""該社群圍繞著待辦事項系統的核心功能，特別是 `renderTodos()` 函式如何與待辦事項列表及其相關元素互動。這些實體之間的關係顯示了它們在網頁設計中的重要性，並且強調了如何利用 CSS 選擇器和佈局技術來提升用戶體驗。"",
    ""findings"": [
        {
            ""summary"": ""核心函式 `renderTodos()` 的重要性"",
            ""explanation"": ""`renderTodos()` 是該社群的核心函式，負責根據 `todoList` 的資料重新繪製畫面。這個函式的運作直接影響到用戶如何查看和互動待辦事項，若出現錯誤，將會影響整體用戶體驗。該函式的設計和實現必須確保其高效性和穩定性，以避免用戶在使用過程中遇到問題。[Data: Entities (74); Relationships (50, 48)]""
        },
        {
            ""summary"": ""待辦事項列表的 CSS 選擇器功能"",
            ""explanation"": ""待辦事項列表使用的 CSS 選擇器 `.todo-list` 是設計中不可或缺的一部分，幫助開發者針對待辦事項進行樣式設定。這個選擇器的有效使用能夠提升用戶界面的整體美觀性和可用性，從而增強用戶的互動體驗。若選擇器未能正確應用，可能會導致顯示問題，影響用戶的使用感受。[Data: Entities (8); Relationships (50)]""
        },
        {
            ""summary"": ""唯一識別碼的關鍵角色"",
            ""explanation"": ""唯一識別碼在待辦事項系統中扮演著至關重要的角色，確保每一筆待辦事項的獨特性。這不僅有助於在系統中正確識別和操作待辦事項，還能防止數據重複或混淆。若唯一識別碼的管理不當，將可能導致數據錯誤，影響用戶的信任度和系統的可靠性。[Data: Entities (77); Relationships (49)]""
        },
        {
            ""summary"": ""網格系統的佈局優勢"",
            ""explanation"": ""網格系統作為一種佈局方法，能夠自動排列待辦事項元素以適應不同螢幕寬度。這種靈活的佈局方式不僅提升了用戶體驗，還能確保在各種設備上都能良好顯示。若未能正確實施網格系統，可能會導致顯示不一致，影響用戶的使用體驗。[Data: Entities (56); Relationships (31)]""
        },
        {
            ""summary"": ""Flexbox 技術的應用"",
            ""explanation"": ""Flexbox 是一種 CSS 排版模式，允許待辦事項列表中的元素靈活排列和對齊。這種技術的應用能夠提升界面的可用性和美觀性，並確保在不同螢幕尺寸下的良好顯示。若 Flexbox 的使用不當，可能會導致元素排列混亂，影響用戶的互動體驗。[Data: Entities (65); Relationships (38)]""
        },
        {
            ""summary"": ""換行行為的管理"",
            ""explanation"": ""`flex-wrap` 屬性用於管理待辦事項列表中元素的換行行為，這對於保持界面的整潔和可讀性至關重要。正確的換行行為能夠確保用戶在查看待辦事項時不會感到困惑，若未能妥善管理，可能會導致界面混亂，影響用戶的使用體驗。[Data: Entities (70); Relationships (39)]""
        }
    ],
    ""rating"": 7.5,
    ""rating_explanation"": ""影響嚴重性評分為中高，因為這些技術的有效性直接影響用戶的互動體驗和系統的穩定性。""
}",2026-02-12,8
514af793180947569506632740ec4226,3,3,0,-1,[],CSS Flexbox 社群,該社群圍繞著 CSS Flexbox 的關鍵屬性和選擇器，主要包括 FLEX: 1、todo-content 和 card-buttons。這些實體之間的關係顯示了它們在佈局設計中的相互依賴性，特別是在響應式設計中。,"# CSS Flexbox 社群

該社群圍繞著 CSS Flexbox 的關鍵屬性和選擇器，主要包括 FLEX: 1、todo-content 和 card-buttons。這些實體之間的關係顯示了它們在佈局設計中的相互依賴性，特別是在響應式設計中。

## FLEX: 1 的重要性

FLEX: 1 是一個關鍵的 CSS 屬性，主要用於設定元素在 Flexbox 佈局中的擴展比例。這個屬性允許開發者強制元素佔據可用的空間，從而使其在容器中自動調整大小。透過使用 `flex: 1`，開發者可以輕鬆地管理和控制元素的佈局，確保在不同顯示環境中保持一致的外觀和行為。這種屬性在響應式設計中尤為重要，因為它能夠確保元素在不同螢幕尺寸下的靈活性和適應性。[Data: Entities (10)]

## todo-content 的功能

todo-content 是一個 CSS 選擇器，用於選擇待辦事項內容區域。這個選擇器的使用使得開發者能夠針對特定的內容區域進行樣式設計，從而提升用戶體驗。它與 FLEX: 1 的結合使用，能夠確保待辦事項內容區域在佈局中佔據適當的空間，進一步增強了頁面的可讀性和可用性。[Data: Entities (49)]

## card-buttons 的角色

card-buttons 是一個 CSS 選擇器，用於選擇卡片底部的按鈕區域。這個選擇器的設計確保了按鈕在卡片底部的視覺一致性，並且與其他元素的佈局相協調。這樣的設計不僅提升了用戶界面的美觀性，還增強了用戶的互動體驗。[Data: Entities (50)]

## FLEX: 1 與 todo-content 的關係

FLEX: 1 與 todo-content 之間的關係顯示了如何使用 flex: 1 技巧來強制 todo-content 區域佔據剩餘空間。這種關係強調了在設計響應式佈局時，如何有效利用 CSS 屬性來達成所需的視覺效果和功能性。這不僅有助於提升頁面的整體佈局，還能確保不同設備上的一致性。[Data: Relationships (27)]

## todo-content 與 card-buttons 的互動

todo-content 與 card-buttons 之間的關係顯示了 card-buttons 區域被推擠到卡片底部，確保視覺一致性。這種設計考量在於確保用戶在使用待辦事項功能時，能夠輕鬆地找到並使用按鈕，從而提升整體的用戶體驗。這種互動關係強調了在設計過程中，元素之間的相互影響和協調性的重要性。[Data: Relationships (28)]",4.0,影響嚴重性評分為中等，因為這些 CSS 屬性和選擇器對於網頁佈局的靈活性和一致性至關重要。,"[{'explanation': 'FLEX: 1 是一個關鍵的 CSS 屬性，主要用於設定元素在 Flexbox 佈局中的擴展比例。這個屬性允許開發者強制元素佔據可用的空間，從而使其在容器中自動調整大小。透過使用 `flex: 1`，開發者可以輕鬆地管理和控制元素的佈局，確保在不同顯示環境中保持一致的外觀和行為。這種屬性在響應式設計中尤為重要，因為它能夠確保元素在不同螢幕尺寸下的靈活性和適應性。[Data: Entities (10)]', 'summary': 'FLEX: 1 的重要性'}
 {'explanation': 'todo-content 是一個 CSS 選擇器，用於選擇待辦事項內容區域。這個選擇器的使用使得開發者能夠針對特定的內容區域進行樣式設計，從而提升用戶體驗。它與 FLEX: 1 的結合使用，能夠確保待辦事項內容區域在佈局中佔據適當的空間，進一步增強了頁面的可讀性和可用性。[Data: Entities (49)]', 'summary': 'todo-content 的功能'}
 {'explanation': 'card-buttons 是一個 CSS 選擇器，用於選擇卡片底部的按鈕區域。這個選擇器的設計確保了按鈕在卡片底部的視覺一致性，並且與其他元素的佈局相協調。這樣的設計不僅提升了用戶界面的美觀性，還增強了用戶的互動體驗。[Data: Entities (50)]', 'summary': 'card-buttons 的角色'}
 {'explanation': 'FLEX: 1 與 todo-content 之間的關係顯示了如何使用 flex: 1 技巧來強制 todo-content 區域佔據剩餘空間。這種關係強調了在設計響應式佈局時，如何有效利用 CSS 屬性來達成所需的視覺效果和功能性。這不僅有助於提升頁面的整體佈局，還能確保不同設備上的一致性。[Data: Relationships (27)]', 'summary': 'FLEX: 1 與 todo-content 的關係'}
 {'explanation': 'todo-content 與 card-buttons 之間的關係顯示了 card-buttons 區域被推擠到卡片底部，確保視覺一致性。這種設計考量在於確保用戶在使用待辦事項功能時，能夠輕鬆地找到並使用按鈕，從而提升整體的用戶體驗。這種互動關係強調了在設計過程中，元素之間的相互影響和協調性的重要性。[Data: Relationships (28)]', 'summary': 'todo-content 與 card-buttons 的互動'}]","{
    ""title"": ""CSS Flexbox 社群"",
    ""summary"": ""該社群圍繞著 CSS Flexbox 的關鍵屬性和選擇器，主要包括 FLEX: 1、todo-content 和 card-buttons。這些實體之間的關係顯示了它們在佈局設計中的相互依賴性，特別是在響應式設計中。"",
    ""findings"": [
        {
            ""summary"": ""FLEX: 1 的重要性"",
            ""explanation"": ""FLEX: 1 是一個關鍵的 CSS 屬性，主要用於設定元素在 Flexbox 佈局中的擴展比例。這個屬性允許開發者強制元素佔據可用的空間，從而使其在容器中自動調整大小。透過使用 `flex: 1`，開發者可以輕鬆地管理和控制元素的佈局，確保在不同顯示環境中保持一致的外觀和行為。這種屬性在響應式設計中尤為重要，因為它能夠確保元素在不同螢幕尺寸下的靈活性和適應性。[Data: Entities (10)]""
        },
        {
            ""summary"": ""todo-content 的功能"",
            ""explanation"": ""todo-content 是一個 CSS 選擇器，用於選擇待辦事項內容區域。這個選擇器的使用使得開發者能夠針對特定的內容區域進行樣式設計，從而提升用戶體驗。它與 FLEX: 1 的結合使用，能夠確保待辦事項內容區域在佈局中佔據適當的空間，進一步增強了頁面的可讀性和可用性。[Data: Entities (49)]""
        },
        {
            ""summary"": ""card-buttons 的角色"",
            ""explanation"": ""card-buttons 是一個 CSS 選擇器，用於選擇卡片底部的按鈕區域。這個選擇器的設計確保了按鈕在卡片底部的視覺一致性，並且與其他元素的佈局相協調。這樣的設計不僅提升了用戶界面的美觀性，還增強了用戶的互動體驗。[Data: Entities (50)]""
        },
        {
            ""summary"": ""FLEX: 1 與 todo-content 的關係"",
            ""explanation"": ""FLEX: 1 與 todo-content 之間的關係顯示了如何使用 flex: 1 技巧來強制 todo-content 區域佔據剩餘空間。這種關係強調了在設計響應式佈局時，如何有效利用 CSS 屬性來達成所需的視覺效果和功能性。這不僅有助於提升頁面的整體佈局，還能確保不同設備上的一致性。[Data: Relationships (27)]""
        },
        {
            ""summary"": ""todo-content 與 card-buttons 的互動"",
            ""explanation"": ""todo-content 與 card-buttons 之間的關係顯示了 card-buttons 區域被推擠到卡片底部，確保視覺一致性。這種設計考量在於確保用戶在使用待辦事項功能時，能夠輕鬆地找到並使用按鈕，從而提升整體的用戶體驗。這種互動關係強調了在設計過程中，元素之間的相互影響和協調性的重要性。[Data: Relationships (28)]""
        }
    ],
    ""rating"": 4.0,
    ""rating_explanation"": ""影響嚴重性評分為中等，因為這些 CSS 屬性和選擇器對於網頁佈局的靈活性和一致性至關重要。""
}",2026-02-12,3
3003aca343c04dbdb03a07f52cf7537c,4,4,0,-1,[],HTML、CSS 與 JS 社群,該社群圍繞著 HTML、CSS 和 JS 這三個關鍵實體，這些實體之間存在著緊密的相互依賴關係。HTML 提供結構，CSS 負責視覺效果，而 JS 則控制資料邏輯，這三者共同協作以實現網頁的功能和外觀。,"# HTML、CSS 與 JS 社群

該社群圍繞著 HTML、CSS 和 JS 這三個關鍵實體，這些實體之間存在著緊密的相互依賴關係。HTML 提供結構，CSS 負責視覺效果，而 JS 則控制資料邏輯，這三者共同協作以實現網頁的功能和外觀。

## HTML 作為結構的基礎

HTML 是該社群的核心實體，提供語意化的結構和 JS 的掛載點。HTML 定義了網頁的基本結構，並為其他技術提供了基礎。這使得 HTML 成為所有網頁開發的起點，任何變更或錯誤都可能影響整體的功能和顯示效果。HTML 的重要性在於它不僅是內容的容器，還是其他技術（如 CSS 和 JS）運作的基礎。 [Data: Entities (4), Relationships (0, 1)]

## CSS 提供視覺效果

CSS 在該社群中扮演著關鍵角色，負責提供視覺回饋和響應式佈局。CSS 的設計使得開發者能夠控制網頁的外觀，並根據不同的設備和屏幕尺寸進行調整。CSS 與 HTML 的關係密切，因為 CSS 的樣式規則依賴於 HTML 的結構，這使得 CSS 的正確性對於網頁的整體美觀至關重要。 [Data: Entities (5), Relationships (0, 3, 4)]

## JS 控制資料邏輯

JS 是該社群中的另一個重要實體，負責控制資料邏輯和 DOM 操作。JS 的功能使得網頁能夠動態更新內容，並響應用戶的互動。JS 與 HTML 和 CSS 的關係顯示了其在整體架構中的重要性，因為 JS 的操作直接影響到 HTML 的內容和 CSS 的樣式。 [Data: Entities (6), Relationships (1, 3)]

## Flexbox 在 CSS 中的應用

Flexbox 是 CSS 模組中的一種佈局模式，對於實現網格排列至關重要。Flexbox 的使用使得開發者能夠更靈活地設計佈局，並能夠輕鬆地處理不同屏幕尺寸的響應式設計。Flexbox 與 HTML 和 CSS 的關係顯示了其在視覺效果和佈局中的重要性，並且其正確使用能夠顯著提升用戶體驗。 [Data: Entities (7), Relationships (4)]

## 實體之間的相互依賴性

該社群中的實體之間存在著強烈的相互依賴性，這意味著任何一個實體的變更都可能影響到其他實體的功能。例如，HTML 的結構變更可能會導致 CSS 樣式無法正確應用，或是 JS 無法正確操作 DOM。這種相互依賴性強調了在開發過程中需要謹慎考慮各個技術之間的關係。 [Data: Relationships (0, 1, 3)]",7.5,影響嚴重性評分為中高，因為這些技術的相互依賴性對於網頁的功能性和用戶體驗至關重要。,"[{'explanation': 'HTML 是該社群的核心實體，提供語意化的結構和 JS 的掛載點。HTML 定義了網頁的基本結構，並為其他技術提供了基礎。這使得 HTML 成為所有網頁開發的起點，任何變更或錯誤都可能影響整體的功能和顯示效果。HTML 的重要性在於它不僅是內容的容器，還是其他技術（如 CSS 和 JS）運作的基礎。 [Data: Entities (4), Relationships (0, 1)]', 'summary': 'HTML 作為結構的基礎'}
 {'explanation': 'CSS 在該社群中扮演著關鍵角色，負責提供視覺回饋和響應式佈局。CSS 的設計使得開發者能夠控制網頁的外觀，並根據不同的設備和屏幕尺寸進行調整。CSS 與 HTML 的關係密切，因為 CSS 的樣式規則依賴於 HTML 的結構，這使得 CSS 的正確性對於網頁的整體美觀至關重要。 [Data: Entities (5), Relationships (0, 3, 4)]', 'summary': 'CSS 提供視覺效果'}
 {'explanation': 'JS 是該社群中的另一個重要實體，負責控制資料邏輯和 DOM 操作。JS 的功能使得網頁能夠動態更新內容，並響應用戶的互動。JS 與 HTML 和 CSS 的關係顯示了其在整體架構中的重要性，因為 JS 的操作直接影響到 HTML 的內容和 CSS 的樣式。 [Data: Entities (6), Relationships (1, 3)]', 'summary': 'JS 控制資料邏輯'}
 {'explanation': 'Flexbox 是 CSS 模組中的一種佈局模式，對於實現網格排列至關重要。Flexbox 的使用使得開發者能夠更靈活地設計佈局，並能夠輕鬆地處理不同屏幕尺寸的響應式設計。Flexbox 與 HTML 和 CSS 的關係顯示了其在視覺效果和佈局中的重要性，並且其正確使用能夠顯著提升用戶體驗。 [Data: Entities (7), Relationships (4)]', 'summary': 'Flexbox 在 CSS 中的應用'}
 {'explanation': '該社群中的實體之間存在著強烈的相互依賴性，這意味著任何一個實體的變更都可能影響到其他實體的功能。例如，HTML 的結構變更可能會導致 CSS 樣式無法正確應用，或是 JS 無法正確操作 DOM。這種相互依賴性強調了在開發過程中需要謹慎考慮各個技術之間的關係。 [Data: Relationships (0, 1, 3)]', 'summary': '實體之間的相互依賴性'}]","{
    ""title"": ""HTML、CSS 與 JS 社群"",
    ""summary"": ""該社群圍繞著 HTML、CSS 和 JS 這三個關鍵實體，這些實體之間存在著緊密的相互依賴關係。HTML 提供結構，CSS 負責視覺效果，而 JS 則控制資料邏輯，這三者共同協作以實現網頁的功能和外觀。"",
    ""findings"": [
        {
            ""summary"": ""HTML 作為結構的基礎"",
            ""explanation"": ""HTML 是該社群的核心實體，提供語意化的結構和 JS 的掛載點。HTML 定義了網頁的基本結構，並為其他技術提供了基礎。這使得 HTML 成為所有網頁開發的起點，任何變更或錯誤都可能影響整體的功能和顯示效果。HTML 的重要性在於它不僅是內容的容器，還是其他技術（如 CSS 和 JS）運作的基礎。 [Data: Entities (4), Relationships (0, 1)]""
        },
        {
            ""summary"": ""CSS 提供視覺效果"",
            ""explanation"": ""CSS 在該社群中扮演著關鍵角色，負責提供視覺回饋和響應式佈局。CSS 的設計使得開發者能夠控制網頁的外觀，並根據不同的設備和屏幕尺寸進行調整。CSS 與 HTML 的關係密切，因為 CSS 的樣式規則依賴於 HTML 的結構，這使得 CSS 的正確性對於網頁的整體美觀至關重要。 [Data: Entities (5), Relationships (0, 3, 4)]""
        },
        {
            ""summary"": ""JS 控制資料邏輯"",
            ""explanation"": ""JS 是該社群中的另一個重要實體，負責控制資料邏輯和 DOM 操作。JS 的功能使得網頁能夠動態更新內容，並響應用戶的互動。JS 與 HTML 和 CSS 的關係顯示了其在整體架構中的重要性，因為 JS 的操作直接影響到 HTML 的內容和 CSS 的樣式。 [Data: Entities (6), Relationships (1, 3)]""
        },
        {
            ""summary"": ""Flexbox 在 CSS 中的應用"",
            ""explanation"": ""Flexbox 是 CSS 模組中的一種佈局模式，對於實現網格排列至關重要。Flexbox 的使用使得開發者能夠更靈活地設計佈局，並能夠輕鬆地處理不同屏幕尺寸的響應式設計。Flexbox 與 HTML 和 CSS 的關係顯示了其在視覺效果和佈局中的重要性，並且其正確使用能夠顯著提升用戶體驗。 [Data: Entities (7), Relationships (4)]""
        },
        {
            ""summary"": ""實體之間的相互依賴性"",
            ""explanation"": ""該社群中的實體之間存在著強烈的相互依賴性，這意味著任何一個實體的變更都可能影響到其他實體的功能。例如，HTML 的結構變更可能會導致 CSS 樣式無法正確應用，或是 JS 無法正確操作 DOM。這種相互依賴性強調了在開發過程中需要謹慎考慮各個技術之間的關係。 [Data: Relationships (0, 1, 3)]""
        }
    ],
    ""rating"": 7.5,
    ""rating_explanation"": ""影響嚴重性評分為中高，因為這些技術的相互依賴性對於網頁的功能性和用戶體驗至關重要。""
}",2026-02-12,4
416606a9ee724e0aabdfb997b8227993,5,5,0,-1,[],待辦事項卡片設計社群,該社群圍繞著待辦事項卡片設計的多個關鍵實體，包括 `.todo-card`、`.edit-mode`、`.view-mode`、`flex-direction` 和防禦性設計。這些實體之間的關係顯示了它們在用戶界面設計中的相互依賴性，並強調了防禦性設計在提升用戶體驗中的重要性。,"# 待辦事項卡片設計社群

該社群圍繞著待辦事項卡片設計的多個關鍵實體，包括 `.todo-card`、`.edit-mode`、`.view-mode`、`flex-direction` 和防禦性設計。這些實體之間的關係顯示了它們在用戶界面設計中的相互依賴性，並強調了防禦性設計在提升用戶體驗中的重要性。

## 待辦事項卡片的核心角色

.todo-card 是該社群的核心實體，專門用來顯示任務的具體內容。這個卡片元素使用 Flexbox 來排列內部內容，並根據任務的狀態進行顯示或隱藏。這種設計不僅能夠有效組織和展示待辦事項，還能根據用戶需求動態調整顯示內容，從而提升使用者的操作體驗。其重要性在於它是其他設計元素的基礎，並且與多個其他實體有著密切的關聯 [Data: Entities (64); Relationships (40, 43, 52, +more)]

## 編輯模式的功能

.edit-mode 是一個 CSS 類別，用於顯示編輯模式的樣式。當 `.todo-card` 進入編輯狀態時，`.edit-mode` 類別會顯示該元素，這使得用戶能夠方便地修改待辦事項。這種動態的樣式變化不僅提升了用戶的互動體驗，還強調了設計的靈活性和可用性 [Data: Entities (16); Relationships (40, 6)]

## 視圖模式的靈活性

`VIEW-MODE` 是另一個重要的 CSS 類別，主要用於顯示視圖模式的樣式。它與 `.edit-mode` 類別相互配合，提供不同的視覺效果，讓用戶能夠根據需求切換顯示方式。這種靈活性使得開發者能夠根據用戶的互動調整界面，從而提升整體的用戶體驗 [Data: Entities (15); Relationships (6)]

## Flexbox 的應用

`flex-direction` 是一個 CSS 屬性，用於設置 Flexbox 容器中主軸的方向。`.todo-card` 使用 `flex-direction` 來設置內容的排列方向，這對於卡片的顯示效果至關重要。正確的排列方向能夠提升用戶的可讀性和操作便利性，從而增強整體的使用者體驗 [Data: Entities (69); Relationships (43)]

## 防禦性設計的理念

防禦性設計是一種設計理念，旨在處理使用者輸入的不可預測性。這種設計方法強調在設計過程中考慮到可能的錯誤情況，以確保使用者界面在不同狀態下的可用性和可讀性。在卡片設計中應用防禦性設計，可以有效減少因使用者錯誤而導致的問題，並確保系統在面對不預期的輸入時仍能正常運作 [Data: Entities (47); Relationships (26)]",6.5,影響嚴重性評分為中等偏高，因為這些設計元素對用戶界面的可用性和安全性有直接影響。,"[{'explanation': '.todo-card 是該社群的核心實體，專門用來顯示任務的具體內容。這個卡片元素使用 Flexbox 來排列內部內容，並根據任務的狀態進行顯示或隱藏。這種設計不僅能夠有效組織和展示待辦事項，還能根據用戶需求動態調整顯示內容，從而提升使用者的操作體驗。其重要性在於它是其他設計元素的基礎，並且與多個其他實體有著密切的關聯 [Data: Entities (64); Relationships (40, 43, 52, +more)]', 'summary': '待辦事項卡片的核心角色'}
 {'explanation': '.edit-mode 是一個 CSS 類別，用於顯示編輯模式的樣式。當 `.todo-card` 進入編輯狀態時，`.edit-mode` 類別會顯示該元素，這使得用戶能夠方便地修改待辦事項。這種動態的樣式變化不僅提升了用戶的互動體驗，還強調了設計的靈活性和可用性 [Data: Entities (16); Relationships (40, 6)]', 'summary': '編輯模式的功能'}
 {'explanation': '`VIEW-MODE` 是另一個重要的 CSS 類別，主要用於顯示視圖模式的樣式。它與 `.edit-mode` 類別相互配合，提供不同的視覺效果，讓用戶能夠根據需求切換顯示方式。這種靈活性使得開發者能夠根據用戶的互動調整界面，從而提升整體的用戶體驗 [Data: Entities (15); Relationships (6)]', 'summary': '視圖模式的靈活性'}
 {'explanation': '`flex-direction` 是一個 CSS 屬性，用於設置 Flexbox 容器中主軸的方向。`.todo-card` 使用 `flex-direction` 來設置內容的排列方向，這對於卡片的顯示效果至關重要。正確的排列方向能夠提升用戶的可讀性和操作便利性，從而增強整體的使用者體驗 [Data: Entities (69); Relationships (43)]', 'summary': 'Flexbox 的應用'}
 {'explanation': '防禦性設計是一種設計理念，旨在處理使用者輸入的不可預測性。這種設計方法強調在設計過程中考慮到可能的錯誤情況，以確保使用者界面在不同狀態下的可用性和可讀性。在卡片設計中應用防禦性設計，可以有效減少因使用者錯誤而導致的問題，並確保系統在面對不預期的輸入時仍能正常運作 [Data: Entities (47); Relationships (26)]', 'summary': '防禦性設計的理念'}]","{
    ""title"": ""待辦事項卡片設計社群"",
    ""summary"": ""該社群圍繞著待辦事項卡片設計的多個關鍵實體，包括 `.todo-card`、`.edit-mode`、`.view-mode`、`flex-direction` 和防禦性設計。這些實體之間的關係顯示了它們在用戶界面設計中的相互依賴性，並強調了防禦性設計在提升用戶體驗中的重要性。"",
    ""findings"": [
        {
            ""summary"": ""待辦事項卡片的核心角色"",
            ""explanation"": "".todo-card 是該社群的核心實體，專門用來顯示任務的具體內容。這個卡片元素使用 Flexbox 來排列內部內容，並根據任務的狀態進行顯示或隱藏。這種設計不僅能夠有效組織和展示待辦事項，還能根據用戶需求動態調整顯示內容，從而提升使用者的操作體驗。其重要性在於它是其他設計元素的基礎，並且與多個其他實體有著密切的關聯 [Data: Entities (64); Relationships (40, 43, 52, +more)]""
        },
        {
            ""summary"": ""編輯模式的功能"",
            ""explanation"": "".edit-mode 是一個 CSS 類別，用於顯示編輯模式的樣式。當 `.todo-card` 進入編輯狀態時，`.edit-mode` 類別會顯示該元素，這使得用戶能夠方便地修改待辦事項。這種動態的樣式變化不僅提升了用戶的互動體驗，還強調了設計的靈活性和可用性 [Data: Entities (16); Relationships (40, 6)]""
        },
        {
            ""summary"": ""視圖模式的靈活性"",
            ""explanation"": ""`VIEW-MODE` 是另一個重要的 CSS 類別，主要用於顯示視圖模式的樣式。它與 `.edit-mode` 類別相互配合，提供不同的視覺效果，讓用戶能夠根據需求切換顯示方式。這種靈活性使得開發者能夠根據用戶的互動調整界面，從而提升整體的用戶體驗 [Data: Entities (15); Relationships (6)]""
        },
        {
            ""summary"": ""Flexbox 的應用"",
            ""explanation"": ""`flex-direction` 是一個 CSS 屬性，用於設置 Flexbox 容器中主軸的方向。`.todo-card` 使用 `flex-direction` 來設置內容的排列方向，這對於卡片的顯示效果至關重要。正確的排列方向能夠提升用戶的可讀性和操作便利性，從而增強整體的使用者體驗 [Data: Entities (69); Relationships (43)]""
        },
        {
            ""summary"": ""防禦性設計的理念"",
            ""explanation"": ""防禦性設計是一種設計理念，旨在處理使用者輸入的不可預測性。這種設計方法強調在設計過程中考慮到可能的錯誤情況，以確保使用者界面在不同狀態下的可用性和可讀性。在卡片設計中應用防禦性設計，可以有效減少因使用者錯誤而導致的問題，並確保系統在面對不預期的輸入時仍能正常運作 [Data: Entities (47); Relationships (26)]""
        }
    ],
    ""rating"": 6.5,
    ""rating_explanation"": ""影響嚴重性評分為中等偏高，因為這些設計元素對用戶界面的可用性和安全性有直接影響。""
}",2026-02-12,7
