id,human_readable_id,text,n_tokens,document_ids,entity_ids,relationship_ids,covariate_ids
d39173a54ea8333401c6fc92b0a3d24d6c60b5d03c0352c9c996f419c9935c19c152374823ea381dddec2726266a2113d77facffeff2c7b69001481158285e85,1,"[系統架構總覽]
這份文件定義了模組之間的**依賴關係 (Dependencies)** 與**資料流 (Data Flow)**，是理解整個系統運作的核心。
1. **結構與樣式的依賴 (HTML <-> CSS)**：
   HTML 定義的 `.todo-list` 容器，直接依賴 CSS 模組中的 Flexbox 規則 (`display: flex`) 來實現網格排列。若沒有 CSS 的 `flex: 1` 設定，HTML 中的 `.todo-content` 將無法正確推擠按鈕區域，導致 UI 破版。
2. **行為與結構的依賴 (JS <-> HTML)**：
   JS 模組中的 `renderTodos()` 函式扮演「渲染引擎」的角色。它會查找 HTML 中定義的 `id=""todoList""` 元素，並透過 DOM API (`innerHTML`) 將動態生成的卡片注入其中。HTML 只是骨架，內容完全由 JS 驅動。
3. **狀態驅動視覺 (JS <-> CSS)**：
   JS 是狀態的管理者 (State Manager)。當使用者點擊編輯按鈕時，JS 會切換 HTML 元素的 class (如 `.view-mode` 和 `.edit-mode`)。這些 class 的視覺效果（顯示或隱藏）則是由 CSS 模組定義的。
**總結**：
- **JS (JavaScript)**：控制資料邏輯與 DOM 操作。
- **HTML**：提供語意化結構與 JS 掛載點 (Mount Points)。
- **CSS**：提供視覺回饋與響應式佈局。
三者缺一不可，共同構成單頁應用程式 (SPA) 的基礎。",574,['doc-0'],"['4be4e6bf-d0c5-414c-b488-9a7d40c6e7c6'
 '89363e46-8ad7-4df8-a48d-2c5cdf818a6a'
 '2c7c480a-aa83-47b9-a1c1-83189fa28426'
 '38b19db8-446d-4891-96ac-f7745047b7a1'
 'ff820044-7dff-4099-a3d8-29dc1a2d70ca'
 '913df194-14d2-4eb7-b2ed-b4c827ece7a2'
 '2438a5bf-151e-486f-9958-d776fa63acff'
 '27e93df2-6e32-4a2b-8712-30d230c2550f'
 '3748a24b-cbe5-4403-8346-f3ea562bf224'
 '0fb96d53-2c7b-4bc9-89dd-b82f6a50e028'
 '593651be-86c8-422a-8900-7e36bb452e3f'
 '37bde34f-4c66-4593-ad2e-4627f442feeb'
 'dd260e12-7423-4f10-9c80-b7e49f6e6ec0'
 '83f9f48c-c485-4e92-ba40-5714e2cb9b0b'
 '487157ee-5471-4282-980b-0ab4fdf07e2d'
 '17b66b3c-dc3f-4b78-b442-d9ef35cc8500'
 '11e11bde-b0b2-4ac4-9314-0759b0ea7a34']","['f3000762-ee48-4249-b341-880dd5116215'
 '1ff7e999-cf0d-4ce7-894e-ff8774af9e7c'
 'e5c3d271-66af-4ee5-983f-0a3fa52b6e8f'
 '363e48fe-fb8b-4797-992f-b3e307fda222'
 '0b004de9-9cb6-4ad8-b92b-69348c5f1030'
 'bce5f555-b77f-4029-82c9-defad57cac10'
 'c933acdf-c1af-4a9a-a3ca-e60745d4a44d']","['f51b1eea-e044-4d9d-8b8c-041d13fe595c'
 '152c6aed-d1e9-4215-92a2-6d64faac0041'
 '6a2ff336-d42e-4564-87b8-eb1ff95b5494'
 'b0d2dd37-7442-4ff2-aa99-5b165b7a4b9b'
 '1c006915-426b-4c07-b34c-716b70b91b6e'
 '8af9f76a-bc8e-46c7-a779-c4df3bae46fd'
 '864cfb96-dbc8-47b3-9e16-38bc30e17f6a']"
4111f3a3f3948d16762a2ae57eb53a21de0d19d9465687f4f5c82b20ba894589c9fb520843b82c5ee9300d4cd57517c53980be4f7d8273ab0b39e77f0e1ce1a2,2,"[課程內容]
HTML 模組在本專案中扮演著多重角色，教材常使用以下比喻來描述它：
1. **靜態骨架 (Static Skeleton)**：
HTML 就像建築物的鋼筋結構。它定義了應用程式的基礎層次（Header, Form, List Container）。沒有這個骨架，CSS 無法裝飾，JS 無法操作。

2. **CSS 的附著點 (Attachment Point)**：
HTML 元素透過 `class` 和 `id` 屬性，為 CSS 提供了「掛鉤」。例如 `.app` 容器是 CSS 控制最大寬度的附著點；`.todo-card` 是卡片樣式的附著點。

3. **JS 的操作舞台 (Operation Stage)**：
HTML 預留了特定的容器（如 `<div id=""todoList"">`），這是一個空的舞台。JavaScript 腳本執行後，會在這個舞台上動態生成待辦事項卡片內容。

**4. 命名策略 (Naming Strategy: ID vs Class)**：
- **唯一性 (Identity)**：我們給予列表容器 `id=""todoList""`，因為在整個頁面上，這個容器是「獨一無二」的單例 (Singleton)。JS 可以透過 `getElementById` 快速且精準地找到它。
- **重複性 (Reusability)**：相對地，動態生成的卡片使用 `class=""todo-card""`。因為卡片會有無限多張，它們共享相同的樣式藍圖，但各自擁有獨立的內容。

**5. 語意化與原生行為 (Semantic & Native Behavior)**：
- **表單提交**：我們使用 `<form>` 標籤包裹輸入框，而不僅僅是 `<div>`。這賦予了應用程式「原生」的鍵盤支援——使用者在輸入文字後按下 **Enter 鍵**，瀏覽器會自動觸發 `submit` 事件。這讓 JS 不需要額外監聽鍵盤事件就能實現流暢的 UX。
- **資料驗證**：JS 程式碼中實現了輸入驗證，確保標題和內容都有填寫，防止使用者送出空白的待辦事項。

**6. 模式切換設計 (Mode Switching Design)**：
- **檢視與編輯模式**：每個待辦事項卡片包含兩種顯示模式：檢視模式 (.view-mode) 和編輯模式 (.edit-mode)。這種設計讓使用者可以在同一位置無縫切換檢視和編輯內容。

**核心 DOM 結構詳解**：
1. **主應用容器 (.app)**：
最外層包裹器，負責整體居中和寬度控制 (70%)。

2. **表單區域 (.todo-form)**：
包含標題、兩個輸入欄位和按鈕區域。它是使用者與系統互動的入口。
- **互動機制**：透過 `submit` 事件觸發資料新增。
- **雙欄位設計**：分別用於輸入事項標題和內容，提供更豐富的資料結構。

3. **待辦事項列表容器 (.todo-list)**：
這是一個關鍵的「掛載點 (Mount Point)」。
- **初始狀態**：在 HTML 原始碼中，它是空的。
- **執行狀態**：程式運作後，JS 會將生成的卡片動態注入此處。
- **彈性布局",1200,['doc-1'],"['8a794646-f45e-488d-a87a-b5e527785f03'
 '0c13f9bf-7070-4a9d-b66f-6a010b7ba647'
 '8aeac0ad-6c62-4704-b4a8-39127127b3b4'
 '28a69436-b4b5-45c5-a961-466ca91bbc77'
 '754a5f88-8e2f-4781-8265-b801523c3742'
 '8f70fed1-c173-4aca-bed5-e6ec96ea59c6'
 '18fd224a-f772-40e8-af96-d2b9e32fa9ca'
 'a9cd3e5a-d43a-4ec1-91ed-d1607b18e80e'
 'adeae159-03a4-432e-a646-fdc59645dd9a'
 '513cc85c-3d43-4496-9379-a2f6fefa98be'
 'd8ce248d-aebe-4e88-812e-b0e586f9d512'
 'fc814c28-b46e-4b10-bff1-a4d8b8ee3ef9'
 'db9a126e-464b-4ad7-8ad1-c5869e2f7e04'
 '6cee2194-7135-4d7e-ae32-cf53cfea3e77'
 '8cf2f35b-dade-40a2-872a-accd21e23b23'
 'fe9b4d60-5d11-485a-a37c-bc6b24f2e621']","['5695d46e-4830-497b-9eb7-79755ab54cad'
 'ba3be087-ae1f-43f3-a5a2-f4543778ba30'
 'ae752c14-c40a-4a0a-bfda-8d6736eae6b9'
 '073ae0b8-ecac-4896-a172-3cfd5e6a11b8'
 '6d0f4948-7385-4570-b175-25188272b2a2'
 '6cdf094e-27ce-4f3f-8484-acbd89fda7d2'
 '30616e46-7f01-4d7d-aa4b-3d0131e0e56a'
 'd133552d-b090-4ad9-86dd-492713f79184'
 'c886ac68-09aa-4028-b2b3-37620acdc590'
 '6bef5e02-c8e3-4922-b5c9-2aceeaac2d24'
 '23ed8ca1-6914-4995-acb7-22d911f2d131']",['91120705-c6e0-4af0-b30c-daa3dd62d5dc']
c803e19690701925964c557173b383a13641796902a850be18adfa59926358f9c9d882b9c1f11056d3f5ae39a06a3063ba3aee9f5eb44d21fe5e53f64ffe32fa,3,"�用容器 (.app)**：
最外層包裹器，負責整體居中和寬度控制 (70%)。

2. **表單區域 (.todo-form)**：
包含標題、兩個輸入欄位和按鈕區域。它是使用者與系統互動的入口。
- **互動機制**：透過 `submit` 事件觸發資料新增。
- **雙欄位設計**：分別用於輸入事項標題和內容，提供更豐富的資料結構。

3. **待辦事項列表容器 (.todo-list)**：
這是一個關鍵的「掛載點 (Mount Point)」。
- **初始狀態**：在 HTML 原始碼中，它是空的。
- **執行狀態**：程式運作後，JS 會將生成的卡片動態注入此處。
- **彈性布局**：使用 Flex 排列，自動換行，確保卡片可以在不同螢幕尺寸下合理排列。

4. **待辦事項卡片 (.todo-card)**：
- **三欄式布局**：每個卡片佔據總寬度的 1/3（扣除間距）。
- **雙模式設計**：包含檢視模式和編輯模式，支援完整的 CRUD 操作。
- **按鈕區域**：提供編輯、儲存、取消和刪除功能，使用 data-index 屬性關聯對應的資料。

[Code_Mapping: 關鍵 DOM 結構]
```html
<!-- 主應用容器 -->
<div class=""app"">
    <!-- 待辦事項表單 -->
    <div class=""todo-form"">
        <!-- 表單標題 -->
        <h1>Todo List</h1>
        <!-- 表單內容 -->
        <form id=""todoForm"">
            <!-- 事項標題 -->
            <input type=""text"" name=""title"" placeholder=""事項標題"">
            <!-- 事項內容 -->
            <input type=""text"" name=""content"" placeholder=""事項內容"">
            <!-- 表單按鈕區域 -->
            <div class=""form-buttons"">
                <button type=""submit"">新增</button>
                <button type=""reset"">清除</button>
            </div>
        </form>
    </div>
    <!-- JS 操作舞台 / 掛載點 -->
    <div class=""todo-list"" id=""todoList"">
        <!-- 待辦事項卡片將由 JavaScript 動態生成並插入此處 -->
    </div>
</div>
```",778,['doc-1'],"['73ee6708-0954-49b8-9580-1104910fa134'
 'ee546d28-ce75-4653-ad5e-7ff551fda1b6'
 '1225b1c6-ec70-48e0-aeef-2c10f569f610'
 '38dc3563-33e5-4ca2-b105-003d8f5c7df0']","['87b153e1-1065-49e6-80f5-d0ed57987d1c'
 '51109e25-6514-4f1b-9313-95393e098337'
 '242c4d37-b212-4c09-950a-9d33b6cbc1bc'
 'e09eb14b-b472-4975-bea5-11310ef29404']",['468e89d4-d790-42d9-b901-543682a3afbd']
099e48ab87d75239d388a1fb13a0dad87648f0371119f0a8cd5b482cd71f98698c7c4c4dabdd3543e5ca3d34fadd44bcac92212ff374398a40fac1eaf512127f,4,"[課程內容]
# CSS 模組架構與關聯性分析

CSS 模組不僅負責美化，還負責實現 **HTML 結構** 的佈局邏輯，並配合 **JavaScript** 進行狀態切換。整個 CSS 架構形成了一個互相關聯的網絡，各部分之間存在多層次的依賴與協作關係。
## CSS 模組間的依賴關係

**1. 防禦性設計 (Defensive Design) 與佈局推擠**：
在卡片設計中，我們無法預知使用者會輸入多少文字，需要建立一個彈性但穩定的佈局系統。

- **問題**：如果文字很短，按鈕會浮在半空中；如果文字很長，可能會蓋住按鈕。
- **解決方案**：使用 `flex: 1` 技巧形成垂直方向的彈性佈局。
- **運作機制**：針對 `.view-mode` 和 `.edit-mode` 設定 `flex: 1`，並使用 `flex-direction: column`。這會強制內容區域「貪婪地」佔據卡片中所有的剩餘垂直空間。
- **結果**：無論文字長短，底部的按鈕區 (`.card-buttons`) 都會被穩穩地推擠到卡片的最底端，確保了高度的視覺一致性。
- **關聯元素**：`.todo-card` → `.view-mode/.edit-mode` → `.todo-content` → `.card-buttons`
- **CSS 屬性鏈**：`display: flex` + `flex-direction: column` → `flex: 1` → `margin-top: 1em`

**2. 視覺狀態機 (Visual State Machine)**：
CSS 配合 JS 實現了編輯模式的切換，形成一個完整的狀態管理系統。

- **檢視模式 (.view-mode)**：預設顯示標題和內容文字，是卡片的初始狀態。
- **編輯模式 (.edit-mode)**：預設隱藏 (`display:none`)，只在編輯時才顯示。
- **按鈕狀態協同**：編輯按鈕顯示時，儲存和取消按鈕隱藏；反之亦然。
- **切換邏輯**：當使用者點擊編輯按鈕時，JavaScript 會動態修改這些元素的顯示狀態。
- **狀態流轉**：初始狀態 → 編輯狀態 → 儲存/取消 → 返回初始狀態
- **關聯元素**：`.edit` 按鈕 → `.view-mode` + `.edit-mode` → `.save/.cancel` 按鈕
- **CSS 與 JS 協作**：CSS 定義狀態樣式，JS 控制狀態切換

**3. 網格系統 (Grid System)**：
實現了響應式的三欄式卡片佈局，確保在不同螢幕尺寸下都能有良好的顯示效果。

- **容器設定**：`.todo-list` 使用 `display: flex; flex-wrap: wrap;` 來讓卡片自動換行排列。
- **卡片尺寸計算**：`.todo-card` 使用 `width: calc((100% - 2em) / 3)` 精確計算每個卡片的寬度。
- **防止變形**：設定 `flex-shrink: 0` 確保卡片不會被壓縮變形。
- **自適應特性**：當螢幕寬度變小時，卡片會自動換",1200,['doc-2'],"['17b66b3c-dc3f-4b78-b442-d9ef35cc8500'
 '11e11bde-b0b2-4ac4-9314-0759b0ea7a34'
 '6cee2194-7135-4d7e-ae32-cf53cfea3e77'
 'cec8a176-516b-4ee5-9472-926ed5b5e86d'
 'c0a29142-3159-4331-8ed4-a07bfb0a3fa6'
 '5bbfc782-535e-4135-9452-4b5551525bcf'
 'cb12f6e0-aeae-45df-a62f-700369c24052'
 '598d2455-ecc4-4af5-9c47-6e5a2009ad9d'
 'e1b2b3ac-3c0c-4d1a-9f8a-3a6ebb3ed240'
 '7bc2b977-a5b6-4b9a-9dc2-35d916038301'
 '0ef18a52-b8f2-4a85-afd5-f1d7c3fda6a8'
 '9b7b0d11-79d6-413e-b5dc-1c43a57ccaa0'
 '06ddeb58-178e-48e6-bd9f-d0b0d3834029'
 'fe7f4dfd-e8be-4b35-8c5c-e0abe7c830f8'
 'd87115fb-4903-4877-94c0-1385d52d781b'
 'ea839d9f-be4a-46b4-9cc1-8c83e8e75391'
 '9a07f251-2b10-4a89-97ee-ae00a060ee94'
 '3cff388c-9196-4992-9c4f-9b1f257429f8']","['f2892215-6935-435c-a730-344bff6c8455'
 '6370ae1b-d492-4a74-8f13-8792358eaa01'
 'f0c68f53-c054-4ac8-b01b-76d86fe96598'
 '8fa97447-4c6f-4c59-87d7-84e100eeb9fe'
 '9d83f60b-133f-4ad3-a139-a5b70610ce44'
 '98c1654b-9483-4804-94f8-cf9904c9fdd7'
 'c8f17ad1-1b3e-4fdc-81bd-1a66fccde314'
 '5142bdaf-dfab-43c8-a852-d6f812d21e25'
 'fd30e7b2-efbf-4129-9514-fe0d16a84f2a'
 'c40066e1-7252-4b20-b674-99ac4f8d5684'
 '49abbb6a-8801-42f7-b81e-2b35105b04e7'
 'a1810341-7c11-4f6b-9922-dd527779e343']","['11d505f7-4d1b-400b-ac9a-2ced31384576'
 '35ba2810-73eb-4171-864b-d2c421e4dfde'
 '241fbb68-eb30-4a6e-b24c-7c7a35c9a05b'
 '1509e7f4-89f7-40ce-a492-c94757be9765']"
d45d9c09a839c13b666c0cbca19cd91ab417654db3d7bc479620ef11eaf46c247db219286d76dec4f5fc8b1d271cc3792f7d328a25b41ac42a1e660219674084,5,"` + `.edit-mode` → `.save/.cancel` 按鈕
- **CSS 與 JS 協作**：CSS 定義狀態樣式，JS 控制狀態切換

**3. 網格系統 (Grid System)**：
實現了響應式的三欄式卡片佈局，確保在不同螢幕尺寸下都能有良好的顯示效果。

- **容器設定**：`.todo-list` 使用 `display: flex; flex-wrap: wrap;` 來讓卡片自動換行排列。
- **卡片尺寸計算**：`.todo-card` 使用 `width: calc((100% - 2em) / 3)` 精確計算每個卡片的寬度。
- **防止變形**：設定 `flex-shrink: 0` 確保卡片不會被壓縮變形。
- **自適應特性**：當螢幕寬度變小時，卡片會自動換行，形成兩欄或單欄佈局。
- **關聯元素**：`.app` → `.todo-list` → `.todo-card`
- **尺寸傳遞鏈**：`width: 70%` → `gap: 1em` → `width: calc((100% - 2em) / 3)`

**4. 空間管理 (Spacing Management)**：
通過精確的間距控制，創造了視覺上舒適且有節奏感的佈局。

- **現代間距技術**：`.todo-list` 容器上使用 `gap: 1em` 取代傳統的 margin 設定。
- **智能間距**：gap 屬性只在卡片「之間」產生空隙，不會在容器邊緣產生多餘的 margin。
- **問題解決**：避免了傳統 `margin-right` 導致最後一個元素破版的問題。
- **一致性間距**：整個應用程式使用統一的間距單位 (1em)，建立視覺節奏。
- **關聯元素**：`.todo-form` → `margin-bottom: 1em` → `.todo-list` → `gap: 1em`
- **間距協調**：表單與列表之間、卡片之間、按鈕之間都保持一致的間距關係

**5. 視覺層次與陰影效果**：
通過不同程度的陰影效果，創造了清晰的視覺層次，引導用戶注意力。

- **表單陰影**：`.todo-form` 使用較深的陰影 `box-shadow: 0 6px 16px rgba(0,0,0,.08)`，視覺上更加突出。
- **卡片陰影**：`.todo-card` 使用較淺的陰影 `box-shadow: 0 4px 12px rgba(0,0,0,.1)`，形成第二層視覺層次。
- **層次關係**：表單 > 卡片 > 背景，形成清晰的視覺優先級。
- **背景對比**：淺灰色背景 (`#f2f4f8`) 與白色前景元素形成柔和對比，增強可讀性。
- **關聯元素**：`body` 背景 → `.todo-form` 陰影 → `.todo-card` 陰影
- **視覺層級**：陰影深度直接對應元素的視覺重要性

**6. 按鈕色彩系統**：
為不同功能的按鈕設定語義化的顏色，提高使用者體驗並強化操作意圖。

- **編輯按鈕**：淡藍色背景 `#eef3ff`，暗示信息修改。
- **儲存按鈕**：淡綠色背景 `#e6fff0`，暗示確認操作。
- **取消按鈕**：�",1200,['doc-2'],"['eab6bc42-aa8d-4156-9ae9-235dadeaf0a7'
 '70efb1f3-4e22-4300-ac61-a1dc823d69eb'
 '9526646b-f46a-4bfb-a4be-ba5b3d736295'
 '024ccda2-5e73-46ee-87e3-6ec447b7f3b8'
 'f2df24b9-add8-4b9c-9dc9-51a1fadda334'
 '698eeab7-4c16-4153-8421-7297d37bbef5'
 'efe87ff6-d1f3-43c7-b103-754065032a66'
 '33e56d36-b7c2-4062-a267-c896e4d20cbb'
 '188f3014-b352-43a1-bf26-2121701dbd23'
 'c285e1c5-be79-4204-b83a-10cbaa69a685'
 'ea50cbd9-107c-40c4-8d00-040a98c567c8']","['9fe671a9-52e4-4a1a-8cf5-bfd6910bbf23'
 'f8b906e7-99fb-4243-b09a-c1a36dd98aaf'
 '5be43a04-16b7-415f-874a-f0f519499d8d'
 'e0e2f2fc-979f-4290-a4c3-b8d21472b669'
 '7e09922f-bc66-4ba4-a808-dadf48658a96'
 '622ab02f-1ab2-4621-bc26-692cc46642f5'
 '0332107c-afae-4e68-8a5d-0451dc867c0d'
 '6a7937fe-89ae-4c93-80a4-dae3cc4b2c4e'
 '51db2130-780b-4684-93b6-6b21c55156bb']",['8683a717-9534-4432-98c3-e720e2ed5d3e']
01efe28d0e08e37c1924dd7533dfb367c1ac4af9cc65943cc1eabf88f5dcfbdc8cf5c4f4cc2281b1f4841d39fd9ba04c98d073f02d2324a3f2a55e344880a9fa,6,"表單 > 卡片 > 背景，形成清晰的視覺優先級。
- **背景對比**：淺灰色背景 (`#f2f4f8`) 與白色前景元素形成柔和對比，增強可讀性。
- **關聯元素**：`body` 背景 → `.todo-form` 陰影 → `.todo-card` 陰影
- **視覺層級**：陰影深度直接對應元素的視覺重要性

**6. 按鈕色彩系統**：
為不同功能的按鈕設定語義化的顏色，提高使用者體驗並強化操作意圖。

- **編輯按鈕**：淡藍色背景 `#eef3ff`，暗示信息修改。
- **儲存按鈕**：淡綠色背景 `#e6fff0`，暗示確認操作。
- **取消按鈕**：淡灰色背景 `#f0f0f0`，暗示中性操作。
- **刪除按鈕**：淡紅色背景 `#ffecec`，暗示警告或危險操作。
- **色彩語義**：顏色選擇遵循通用的 UI 設計慣例，幫助用戶快速識別按鈕功能。
- **關聯元素**：`.edit` → `.save` → `.cancel` → `.delete`
- **色彩協調**：所有按鈕使用柔和的淺色調，與整體設計風格保持一致

**7. 表單與卡片的設計一致性**：
表單和卡片元素共享多項設計特徵，建立了視覺上的連貫性。

- **共享特徵**：白色背景、圓角 (1em)、陰影效果、內邊距 (1em)
- **差異化設計**：表單使用較深陰影和底部外邊距，突顯其重要性
- **關聯元素**：`.todo-form` ↔ `.todo-card`
- **視覺統一**：相似的視覺處理使用戶能夠立即理解這些元素都是可交互的容器

**8. 輸入控件的一致性處理**：
表單輸入欄位和卡片編輯模式的輸入欄位保持設計一致性。

- **共享特徵**：兩處的輸入欄位都使用 `padding: 0.5em` 和適當的字體大小
- **差異化設計**：卡片中的輸入欄位設定了 `width: 100%` 和 `margin-bottom: 0.5em`
- **關聯元素**：`.todo-form input` ↔ `.todo-card input`
- **使用體驗**：一致的輸入欄位設計提供了連貫的使用體驗

## CSS 與 JavaScript 的協作關係

CSS 樣式與 JavaScript 功能之間存在緊密的協作關係：

1. **狀態切換依賴**：JS 通過修改 `style.display` 屬性切換 `.view-mode` 和 `.edit-mode` 的顯示狀態
2. **按鈕顯示控制**：JS 控制編輯、儲存和取消按鈕的顯示/隱藏，依賴於 CSS 中定義的基礎樣式
3. **動態內容適應**：CSS 的防禦性設計確保 JS 動態生成的內容（不同長度的標題和內容）能夠正確顯示
4. **事件處理與視覺反饋**：按鈕的色彩系統為 JS 的事件處理提供了視覺上的反饋機制

## 總結：CSS 模組",1200,['doc-2'],"['8c6db0a1-43ae-4ae0-82b8-90387035b8fc'
 '123eda46-568b-41db-8c60-9047e4d65460'
 'f99a960e-142b-4cf0-8f6f-5c85d283fa66'
 '794fe616-d7db-48d5-8ca2-96a41e3e2af8'
 '5d08f531-f282-492c-add1-7908d939f6f4'
 '16d6d68a-2660-4bea-8cc8-d3566aa38587'
 '3f3d888b-b852-446d-83e1-d0a07067a0c9'
 '466b5396-dad1-476f-a857-7645c0591425'
 '6741b81c-fa9e-4bfe-8c66-b83e4e070e8e'
 '7aa2d158-7475-496b-82c4-f773dfdb6d04'
 'a9b489b6-4a88-4ad9-84b5-95ab002d2669'
 'd7b9973a-d9d0-4db4-94fc-07ec50ef1af4'
 '938f750b-1290-4749-bd44-e48b5dc8c0c9'
 'e2efef55-b91f-480a-bf36-9abf3d1640d1'
 '3b47db8c-5f68-4e70-96e3-9df827f444c9'
 '1479133c-3fa0-4112-b3b8-6621fe845d4e'
 '010e3de4-fd7f-4157-af5d-a68bc3853b22'
 'cdb6b749-653b-435a-b927-fb5170a8f4c6'
 '3261f166-baa3-4c60-a7b1-80a9363aa7fa'
 'd17782bc-41a9-4fef-8bfd-4e92d1aa5812'
 'c12e4fb0-b0a6-4759-8fae-5c1793aabe00']","['21432a7e-3c9c-4623-8703-3cec0d31f527'
 '0ce637dd-5360-4375-9319-fb351940b8c3'
 'a60bd1ec-f634-4b47-b6eb-b9858a91325c'
 '332a29d1-bbbf-406a-9424-4ce481bc51fe'
 'ee40f290-fb9e-4da3-8a37-7244987b7de2'
 '393d06d4-9e2c-4e06-bfef-f1d274001e08'
 '9593e223-8c41-4ef7-8c33-aa2c7e09619e'
 '22a2c5f0-4a3d-48d2-a095-1dddcc6f0446'
 'fda0ae21-6198-432f-bf46-2f28a8f39359'
 '5b48c170-dfae-43b5-ad9f-3f6aeca2c52e'
 'f3ea0f92-0555-4296-9f12-01539a14de4c'
 '1671bcc4-72e9-426a-9e8f-88e96e0abf80']",['f3c89d83-ce0d-4b26-b264-7b175cbd13c0']
a6767e76d4e5bc6ba7c835c723b3b5e7a5045170bfa2d1237f52eb0136f182088317c7b928288da1af9518dc10f8d005418399360ef1012911e9d07e28631e38,7,"�

## CSS 與 JavaScript 的協作關係

CSS 樣式與 JavaScript 功能之間存在緊密的協作關係：

1. **狀態切換依賴**：JS 通過修改 `style.display` 屬性切換 `.view-mode` 和 `.edit-mode` 的顯示狀態
2. **按鈕顯示控制**：JS 控制編輯、儲存和取消按鈕的顯示/隱藏，依賴於 CSS 中定義的基礎樣式
3. **動態內容適應**：CSS 的防禦性設計確保 JS 動態生成的內容（不同長度的標題和內容）能夠正確顯示
4. **事件處理與視覺反饋**：按鈕的色彩系統為 JS 的事件處理提供了視覺上的反饋機制

## 總結：CSS 模組的多層次關聯

本 Todo List 應用的 CSS 設計展現了多層次的關聯性：

1. **結構關聯**：從 body 到 .app 到各個功能區塊，形成清晰的視覺層級
2. **功能關聯**：不同的 CSS 模組協同工作，實現了防禦性設計、狀態管理等功能
3. **視覺關聯**：通過一致的間距、顏色和陰影效果，建立了統一的視覺語言
4. **交互關聯**：CSS 與 JavaScript 緊密協作，實現了豐富的交互體驗

這種多層次的關聯設計，不僅使界面美觀，更確保了在各種情況下的穩定性和可用性。

[Code_Mapping: 樣式實作細節]
```css
/* 1. 空間管理：寬度控制與容器結構 */
body {
    background: #f2f4f8;
    display: flex;
    justify-content: center;
    padding: 3em;
}
.app { 
    width: 70%; /* 主容器寬度控制 */
}

/* 2. 網格系統：智慧間距與三欄式布局 */
.todo-list {
    display: flex;
    flex-wrap: wrap;
    gap: 1em; /* 取代傳統 margin，只在元素間產生間距 */
}
.todo-card {
    display: flex;
    flex-direction: column;
    width: calc((100% - 2em) / 3); /* 三欄式布局，計算扣除間距後的寬度 */
    flex-shrink: 0; /* 防止壓縮 */
}

/* 3. 防禦性設計：垂直佈局與按鈕推擠機制 */
.view-mode, .edit-mode {
    flex: 1; /* 關鍵：填滿剩餘空間 */
    display: flex;
    flex-direction: column;
}
.todo-content {
    flex: 1; /* 關鍵：內容區域貪婪佔據空間 */
    word-wrap: break-word; /* 自動換行防止溢出 */
}
.card-buttons {
    margin-top: 1em; /* 與內容保持間距 */
}

/* 4. 視覺狀態機：顯示控制與模式切換 */
.edit-mode { display: none; } /* 預設隱藏編輯模式 */
.save, .cancel { display: none; } /* 預設隱藏儲存和取消按鈕 */

/* 5. 視覺層次：陰影效果與層級區分 */
.todo-form { 
    background: white;
    border-radius: 1em;
    padding: 1em;
    margin-bottom: 1em;
    box-shadow: 0 6px 16px rgba(0,0,0,.08); /* 較深陰影，視覺上更突出 */
}
.todo-card { 
    background: white;
    border-radius: 1em;
    padding: 1",1200,['doc-2'],"['17b66b3c-dc3f-4b78-b442-d9ef35cc8500'
 '11e11bde-b0b2-4ac4-9314-0759b0ea7a34'
 '43d54930-ce7c-427b-9042-9e5d57d15d78'
 '7b751c57-cee7-450d-b21f-bdfcdad8bdfd'
 '6aaac4b3-0e48-4d50-96a9-dfabc36e1cc2'
 '4509a175-b54d-454d-bdbf-657205d3518b']","['c933acdf-c1af-4a9a-a3ca-e60745d4a44d'
 'c9dd71e8-52b9-4962-8efe-ff2e4151da98'
 '3b774c5d-e20f-4e10-8db3-bee5b987a450'
 '9514bbf1-0bd3-41c5-9e9e-6176b474674f'
 '8436114c-3879-4ae4-aa2b-a63d0b824f6e'
 '3b4a155b-554c-4e20-aa04-b75761972c39']",['ee9e9ecc-0fe0-4f68-8ba9-5816e39bbcb8']
f2707ebde367944271b5fe410e033346fa7aa07bf22370c525eab33d42918733bfabd2e502eb74d2d41768dce676b5ed489cdc17707c881ff5c32114a838f796,8," column;
}
.todo-content {
    flex: 1; /* 關鍵：內容區域貪婪佔據空間 */
    word-wrap: break-word; /* 自動換行防止溢出 */
}
.card-buttons {
    margin-top: 1em; /* 與內容保持間距 */
}

/* 4. 視覺狀態機：顯示控制與模式切換 */
.edit-mode { display: none; } /* 預設隱藏編輯模式 */
.save, .cancel { display: none; } /* 預設隱藏儲存和取消按鈕 */

/* 5. 視覺層次：陰影效果與層級區分 */
.todo-form { 
    background: white;
    border-radius: 1em;
    padding: 1em;
    margin-bottom: 1em;
    box-shadow: 0 6px 16px rgba(0,0,0,.08); /* 較深陰影，視覺上更突出 */
}
.todo-card { 
    background: white;
    border-radius: 1em;
    padding: 1em;
    box-shadow: 0 4px 12px rgba(0,0,0,.1); /* 較淺陰影，形成第二層級 */
}

/* 6. 按鈕色彩系統：功能語義化 */
.edit { background: #eef3ff; } /* 淡藍色：編輯操作 */
.save { background: #e6fff0; } /* 淡綠色：確認操作 */
.cancel { background: #f0f0f0; } /* 淡灰色：中性操作 */
.delete { background: #ffecec; } /* 淡紅色：危險操作 */

/* 7. 表單與輸入控件的一致性設計 */
.todo-form input, .todo-card input {
    padding: 0.5em; /* 共享相同的內邊距 */
    font-size: 1em; /* 共享相同的字體大小 */
}
.todo-form input {
    flex: 1; /* 在表單中填滿剩餘空間 */
}
.todo-card input {
    width: 100%; /* 在卡片中佔滿整行 */
    margin-bottom: 0.5em; /* 輸入框間距 */
}

/* 8. 按鈕的一致性設計 */
.form-buttons button, .card-buttons button {
    cursor: pointer; /* 共享指標游標 */
    font-size: 1em; /* 共享字體大小 */
}
.card-buttons button {
    flex: 1; /* 平均分配空間 */
    padding: 0.5em; /* 內邊距 */
}",725,['doc-2'],"['9a07f251-2b10-4a89-97ee-ae00a060ee94'
 '3cff388c-9196-4992-9c4f-9b1f257429f8'
 'f11321ea-3074-4c85-996e-9716109b110d'
 'e98b0932-fbd4-46f6-90db-b4397f44660b'
 'e2d1911f-593e-4ef0-8a8b-1487e89f4959'
 '74ae8fd8-053e-423c-9281-569474586c6e'
 'eeaef2e8-c1e3-4c63-9261-da38d9a1874d'
 'b01c5922-4a8e-4115-9002-425f275d83f6'
 '30d25147-41be-47f3-9046-5a66182f42bc'
 'fdd08b37-04ad-447e-a9e6-020a89705049']","['f10ccf5b-beb2-4d69-a4e9-e671447f291d'
 '49f92e39-341c-4563-b14c-dc72f905600d'
 '9c72f191-d3f4-4726-ad1e-e9bf05d1dd8a'
 '985d2b94-6c6c-4fa6-a01d-7abc1ad4ca54'
 '917cff29-9ef5-4697-9502-beb2e6c60bae'
 '443c2dfe-655f-4333-9757-56980c977f2e']",['23721a2a-d9fb-4422-8ae2-3cd1e9fc5676']
1368fc03d610d71f0a4ebe01b5cf8241f4e22c35a09baa58132436224f4cc44ccfc8538d6058eb4cdd3500e2063f8e87b0c54db161cfad7569fe611ec3c72fe9,9,"[課程內容]
JavaScript 模組是應用程式的大腦，它透過 DOM API 操作 **HTML 結構**，並依賴 **CSS 類別** 來控制視覺狀態。

**1. 單一資料來源 (Single Source of Truth)**：
我們使用一個全域陣列 `todoList` 來儲存所有待辦事項資料。
- **原則**：永遠不要直接修改 DOM 來改變數據。應該先修改 `todoList` 陣列，然後呼叫 `renderTodos()` 重新繪製畫面。這就是「資料驅動 (Data-Driven)」架構。
- **資料結構**：每個待辦事項是一個物件，包含 `title` 和 `content` 兩個屬性，分別儲存標題和內容。

**2. 渲染引擎 (The Render Engine)**：
`renderTodos()` 是核心函式。
- **清理與重建**：每次資料變動，它都會先用 `innerHTML = """"` 清空 `.todo-list` 容器。
- **動態注入**：接著遍歷資料陣列，使用 `document.createElement` 建立新的卡片元素，並組裝 HTML 字串注入其中。
- **雙模式設計**：每個卡片包含檢視模式和編輯模式兩種狀態，編輯模式預設隱藏。
- **索引追蹤**：每個按鈕都帶有 `data-index` 屬性，用於識別操作的是哪一筆資料。

**3. 事件代理與冒泡 (Event Delegation & Bubbling)**：
為了效能優化，我們不在每一顆按鈕上綁定監聽器，而是將監聽器綁定在父容器 `.todo-list` 上。
- **冒泡機制**：當使用者點擊內部的按鈕時，這個點擊事件會像氣泡一樣向上傳遞，最終被父容器 `.todo-list` 捕獲。
- **目標識別**：透過 `e.target.dataset.index` 我們可以取得按鈕上的索引值，知道要操作哪一筆資料。
- **元素查找**：使用 `e.target.closest('.todo-card')` 找到按鈕所屬的卡片元素，再透過 `querySelector` 取得卡片內的各個元素。

**4. SPA 行為控制 (SPA Behavior Control)**：
- **攔截提交**：在表單監聽器中，第一行代碼是 `e.preventDefault()`。這是單頁應用程式 (SPA) 的關鍵。它阻止了瀏覽器預設的「表單提交後刷新頁面」行為，讓 JS 能夠接手處理資料，實現無刷新更新。
- **輸入驗證**：檢查標題和內容是否都有填寫，若無則使用 `alert()` 提示使用者輸入完整資料。
- **表單重設**：使用 `todoForm.reset()` 清空輸入欄位，提供更好的使用者體驗。

**5. 狀態管理與模式切換 (State Management & Mode Switching)**：
- **模式切換**：編輯按鈕點擊時，通過修改 DOM 元素的 `style.display` 屬性，切換檢視模式和編輯模式。
- **按鈕顯示控制**：同時也切換編輯、儲存和取消按鈕的顯示狀態。
- **資料更新**：儲存按鈕點擊時，從輸入欄位取得新的標題和內容",1200,['doc-3'],"['37bde34f-4c66-4593-ad2e-4627f442feeb'
 'db9a126e-464b-4ad7-8ad1-c5869e2f7e04'
 'c0a29142-3159-4331-8ed4-a07bfb0a3fa6'
 '43d54930-ce7c-427b-9042-9e5d57d15d78'
 'e17af1ac-81a9-4bca-a618-b4d1b25b9b83'
 'ec0131e4-88e2-4e6d-b2a8-c4540f230227'
 '6d1f2c64-9d2d-404c-b559-d8efb93166c4'
 '05590bae-59a4-4c64-ae5b-75d7e33a9a5f']","['0362c608-8bfa-40c0-bf45-ed30b75c80dd'
 '1b6ce49c-5f79-4d54-bada-babbd02b7d54'
 '38793de4-dd16-48ae-9f5a-161b7ec7adfe'
 '005f2157-992d-4796-9df5-e841eab8b850'
 '013db8e5-43de-4251-a702-6da7c635653f'
 '4c448f40-b94e-4615-82cf-d6c3ccc3bf34'
 '98be8c6f-39d5-4cd6-bb50-73f137e13c1f']",['b09adeb7-cab0-4f23-b4f2-cd38b2ab74a6']
163da55de5b7990e1b4c750d0714072dda9561088dd6766b5828a29b6248c428976c734c0732d1edafca48f6f343e313070209dd0e788e7e10148802707ef4b6,10," 能夠接手處理資料，實現無刷新更新。
- **輸入驗證**：檢查標題和內容是否都有填寫，若無則使用 `alert()` 提示使用者輸入完整資料。
- **表單重設**：使用 `todoForm.reset()` 清空輸入欄位，提供更好的使用者體驗。

**5. 狀態管理與模式切換 (State Management & Mode Switching)**：
- **模式切換**：編輯按鈕點擊時，通過修改 DOM 元素的 `style.display` 屬性，切換檢視模式和編輯模式。
- **按鈕顯示控制**：同時也切換編輯、儲存和取消按鈕的顯示狀態。
- **資料更新**：儲存按鈕點擊時，從輸入欄位取得新的標題和內容，更新到 `todoList` 陣列中，然後重新渲染整個列表。

**6. 初始化與資料預載 (Initialization & Data Preloading)**：
- **初始資料**：程式一開始就預設了三筆待辦事項，提供使用者參考。
- **初始渲染**：在 JavaScript 程式的最後一行，呼叫 `renderTodos()` 進行初始渲染，確保頁面載入時就能看到預設的待辦事項。

[Code_Mapping: 核心邏輯實作]
```javascript
// 1. 單一資料來源：全域陣列
let todoList = [
    { title: ""2024/09/08"", content: ""Web 作業"" },
    { title: ""2024/09/15"", content: ""CS 作業"" },
    { title: ""2024/09/20"", content: ""電腦繪圖 作業"" }
];

// 2. 渲染引擎：動態生成卡片
function renderTodos() {
    todoListElement.innerHTML = """"; // 清空容器
    todoList.forEach((item, index) => {
        const card = document.createElement(""div"");
        card.className = ""todo-card"";
        card.innerHTML = `
            <div class=""view-mode"">
                <div class=""todo-title"">${item.title}</div>
                <div class=""todo-content"">${item.content}</div>
            </div>
            <div class=""edit-mode"" style=""display:none"">
                <input class=""edit-title"" value=""${item.title}"">
                <input class=""edit-content"" value=""${item.content}"">
            </div>
            <div class=""card-buttons"">
                <button class=""edit"" data-index=""${index}"">編輯</button>
                <button class=""save"" data-index=""${index}"" style=""display:none"">儲存</button>
                <button class=""cancel"" data-index=""${index}"" style=""display:none"">取消</button>
                <button class=""delete"" data-index=""${index}"">刪除</button>
            </div>`;
        todoListElement.appendChild(card);
    });
}

// 3. 事件代理：父層監聽
todoListElement.addEventListener(""click"", function (e) {
    const index = e.target.dataset.index;
    if (index === undefined) return;
    
    const card = e.target.closest("".todo-card"");
    const view = card.querySelector("".view-mode"");
    const edit = card.querySelector("".edit-mode"");
    
    // 5. 狀態管理：根據點擊的按鈕執行不同功能
    if (e.target.classList.contains(""delete"")) {
        todoList.splice(index, 1);
        renderTodos();
    }
    
    if (e.target.classList.contains(""edit"")) {
        view.style.display = ""none"";
        edit.style.display = ""block"";
        // 切換按鈕顯示狀態
        card.querySelector("".edit"").style.display = ""none"";
        card.querySelector("".save"").style.display = ""block"";
        card.querySelector("".cancel"").style.display = ""block"";
    }
    
    if (e.target.classList.contains(""save"")) {
        todoList[index].title = card.querySelector("".edit-title"").value;
        todoList[index].content = card.querySelector("".edit-content"").value;
        renderTodos();
    }
    
    if (e.target.classList.contains(""cancel"")) {
        renderTodos();
    }
});

// 4. SPA 行為控制：攔截表單提交
todoForm.addEventListener(""submit"", function (e) {
    e.preventDefault(); // 關鍵！阻止頁面刷新
    
    const title = todoForm.title.value.trim();
    const",1200,['doc-3'],"['db9a126e-464b-4ad7-8ad1-c5869e2f7e04'
 '3261f166-baa3-4c60-a7b1-80a9363aa7fa'
 '1cb828de-94a1-4617-bddf-2e1dd3be89e9'
 'e2f3eb38-09e8-4874-b2c3-5fa9698ae963'
 '12240ed4-0fbb-404e-b9ba-1b9e674b6f34'
 '70098b7e-51bc-4406-ad4f-7c923a61a4d3'
 '4f7031ab-5efb-43e6-94f7-894524f01f58'
 '264f84ff-eca2-4bd8-ad4e-7b3fba845508'
 '9369de9e-1df5-4008-b353-ebd4ad49fab8'
 'e8226ae6-9a57-41ae-a63f-2ab80415658a'
 '7f4511c4-f345-4469-8bc3-7838d4cc7019'
 'b461e6c0-55d8-49a4-894d-d0c2d59665de'
 'f64beed7-e36b-4467-9506-97b7f11858a0'
 '969591e3-1977-415a-8479-ff7616179bef'
 'd628bde5-4303-49ce-80e0-689ec1c02686']","['ce614ff8-4889-4542-a5da-f9b8e8a27a56'
 '551929d6-8cf5-4e3c-9a60-852f75367105'
 '4233352b-2fe7-4ca9-b35f-ecb5f635008f'
 '7fd5914e-e9b0-4a0b-99f6-97e576720456'
 '4a3739c0-686c-44b1-a6f7-789d4dbb80e1'
 'bb9b95c0-0f40-4873-add6-27f359f7ff4b']",['9974b955-0d60-427b-b996-359cbfc6522b']
2db1deb8c006563858d52216b0234f6fc1a5f276e7a4050cd1c206a765975c9a9ed62d82b2bb5b34d535e9d6b8b1f95aa54e584ff8aa328ee1305e32fa7ec1db,11," view = card.querySelector("".view-mode"");
    const edit = card.querySelector("".edit-mode"");
    
    // 5. 狀態管理：根據點擊的按鈕執行不同功能
    if (e.target.classList.contains(""delete"")) {
        todoList.splice(index, 1);
        renderTodos();
    }
    
    if (e.target.classList.contains(""edit"")) {
        view.style.display = ""none"";
        edit.style.display = ""block"";
        // 切換按鈕顯示狀態
        card.querySelector("".edit"").style.display = ""none"";
        card.querySelector("".save"").style.display = ""block"";
        card.querySelector("".cancel"").style.display = ""block"";
    }
    
    if (e.target.classList.contains(""save"")) {
        todoList[index].title = card.querySelector("".edit-title"").value;
        todoList[index].content = card.querySelector("".edit-content"").value;
        renderTodos();
    }
    
    if (e.target.classList.contains(""cancel"")) {
        renderTodos();
    }
});

// 4. SPA 行為控制：攔截表單提交
todoForm.addEventListener(""submit"", function (e) {
    e.preventDefault(); // 關鍵！阻止頁面刷新
    
    const title = todoForm.title.value.trim();
    const content = todoForm.content.value.trim();
    
    // 輸入驗證
    if (!title || !content) return alert(""請輸入完整資料"");
    
    // 添加新待辦事項
    todoList.push({ title, content });
    todoForm.reset(); // 清空表單
    renderTodos();
});

// 6. 初始化：頁面載入時渲染待辦事項
renderTodos();",411,['doc-3'],"['73ee6708-0954-49b8-9580-1104910fa134'
 'ea839d9f-be4a-46b4-9cc1-8c83e8e75391'
 '9a07f251-2b10-4a89-97ee-ae00a060ee94'
 '3cff388c-9196-4992-9c4f-9b1f257429f8'
 'f2df24b9-add8-4b9c-9dc9-51a1fadda334'
 '8faae956-80b2-4fd6-a73a-545d3375b57a'
 '5eb7b3dd-02a1-4f2f-8e5d-a77b255c1804'
 'df347a8b-fe2f-45f9-b335-9a53e53a8b16'
 '5d1d977d-f4cc-4405-a4b8-003520519800'
 '744bbf4a-d057-4ca0-951f-74a551ce2962']","['451ef777-2c5f-4bb6-9f87-6c1a1367f366'
 '1a31d9c6-e5d7-4ff5-a5b3-3d4a8c5f16b5'
 '6861d294-32a9-45b6-a2e1-408a62b2bf26'
 'f7292fc7-c569-4a26-bf03-d38aa24c8667'
 'ce472815-ca71-4a57-a5ec-86697c726898'
 'd2d7e33d-0441-45f0-a08e-2772835061aa'
 '151947a6-9638-4ea5-b11b-678178e3c673']",['1fd8fda1-08ff-4b9b-91ff-6b1e9269bbe8']
6080da6318db19acb1b01c7aa07287d2021f2deaee82707c9a061f6ebb463bc18786725b2733fee119626f91580bc12bfc1308beb8fcb3b87f9c9f260a2ea5d6,12,"[完整專案原始碼]
這是 Todo List 專案的完整實作代碼，包含 HTML 結構、CSS 樣式與 JavaScript 邏輯。所有的架構描述與模組依賴關係均基於此代碼。
```html
<!DOCTYPE html>
<html lang=""zh-Hant"">
<head>
    <meta charset=""UTF-8"">
    <title>Todo List Preview</title>
    <style>
        * {
            box-sizing: border-box;
            margin: 0;
            padding: 0;
            font-family: ""Segoe UI"", Arial, sans-serif;
        }

        body {
            /* 設定背景顏色 */
            background: #f2f4f8;
            /* 使用 Flex 排列置中 */
            display: flex;
            /* 水平置中 */
            justify-content: center;
            padding: 3em;
        }
        /* 主應用程式容器 */
        .app {
            /* 設定容器寬度 */
            width: 70%;
        }
        /* 待辦事項表單樣式 */
        .todo-form {
            /* 設定背景顏色 */
            background: white;
            /* 設定內邊距 */
            padding: 1em;
            /* 設定圓角 */
            border-radius: 1em;
            /* 設定外邊距 */
            margin-bottom: 1em;
            /* 設定陰影效果 */
            box-shadow: 0 6px 16px rgba(0,0,0,.08);
        }
        /* 設定表單內的標題樣式 */
        .todo-form h1 {
            /* 設定標題字體大小 */
            margin-bottom: 0.5em;
        }
        /* 表單內容 */
        .todo-form form {
            /* 使用 Flex 排列 */
            display: flex;
            /* 設定水平間距 */
            gap: 1em;
        }
        /* 表單內的輸入框樣式 */
        .todo-form input {
            /* 佔滿剩餘空間 */
            flex: 1;
            /* 設定內邊距 */
            padding: 0.5em;
            /* 設定字體大小 */
            font-size: 1em;
        }
        /* 表單按鈕區域 */
        .form-buttons {
            /* 使用 Flex 排列 */
            display: flex;
            /* 設定水平間距 */
            gap: 0.5em;
        }
        /* 表單按鈕樣式 */
        .form-buttons button {
            /* 設定按鈕寬度 */
            padding: 0.5em 1em;
            /* 設定字體大小 */
            font-size: 1em;
            /* 設定游標為指標狀 */
            cursor: pointer;
        }

        /* 待辦事項列表樣式 */
        .todo-list {
            /* 使用 Flex 排列 */
            display: flex;
            /* 換行顯示 */
            flex-wrap: wrap;
            /* 設定水平間距 */
            gap: 1em;
        }
        /* 待辦事項卡片樣式 */
        .todo-card {
            /* 設定背景顏色 */
            background: white;
            /* 設定內邊距 */
            padding: 1em;
            /* 設定圓角 */
            border-radius: 1em;
            /* 設定陰影效果 */
            box-shadow: 0 4px 12px rgba(0,0,0,.1);
            /* 使用 Flex 排列 */
            display: flex;
            /* 垂直置中 */
            align-items: center;
            /* 換行顯示 */
            flex-wrap: wrap;
            /* 設定水平間距 */
            gap: 1em;
        }
        /* 待辦事項卡片樣式 */
        .todo-card {
            /* 設定背景顏色 */
            background: white;
            /* 設定內邊距 */
            padding: 1em;
            /* 設定圓角 */
            border-radius: 1em;
            /* 設定陰影效果 */
            box-shadow: 0 4px 12px rgba(0,0,0,.1);
            /* 使用 Flex 排列 */
            display: flex;
            /* 垂直置中 */
            align-items: center;
            /* 換行顯示 */
            flex-wrap: wrap;
            /* 設定水平間距 */
            gap: 1em;
            /* 垂直排列 */
            flex-direction: column;
            /* 設定待辦事項卡片寬度，",1200,['doc-4'],"['7bc2b977-a5b6-4b9a-9dc2-35d916038301'
 'b0d93564-afcf-42ef-ba30-fd1921ab5638'
 'ae92a909-1585-405e-bcc4-719499c2fc79']","['7e09922f-bc66-4ba4-a808-dadf48658a96'
 'ca0bc312-ca8d-4f8f-ba4c-75632868c20c'
 '8c3cfd0c-cfa1-42be-b728-88bbecf218a2'
 '79c4aab6-47d5-4a9d-a0d9-153f7d1440d5'
 'f8b326b4-8543-4e97-b476-05b826944fc1'
 '0b256f77-0743-44d0-8c82-2240b07e1a15'
 '098e5046-846d-4684-aedc-6cbc08520022']",['ff1e463c-1ce6-4379-bb94-1d9b3d2c806f']
43f03a51c7f9a85ee9802c15a12a9fcdf1c1b9df6602468789ae95e2702de7007d2005e427a79dc096ec026a400c0929edb0e22819e51c562c81a476cb158f0a,13,"陰影效果 */
            box-shadow: 0 4px 12px rgba(0,0,0,.1);
            /* 使用 Flex 排列 */
            display: flex;
            /* 垂直置中 */
            align-items: center;
            /* 換行顯示 */
            flex-wrap: wrap;
            /* 設定水平間距 */
            gap: 1em;
        }
        /* 待辦事項卡片樣式 */
        .todo-card {
            /* 設定背景顏色 */
            background: white;
            /* 設定內邊距 */
            padding: 1em;
            /* 設定圓角 */
            border-radius: 1em;
            /* 設定陰影效果 */
            box-shadow: 0 4px 12px rgba(0,0,0,.1);
            /* 使用 Flex 排列 */
            display: flex;
            /* 垂直置中 */
            align-items: center;
            /* 換行顯示 */
            flex-wrap: wrap;
            /* 設定水平間距 */
            gap: 1em;
            /* 垂直排列 */
            flex-direction: column;
            /* 設定待辦事項卡片寬度，每個卡片佔 1/3，扣除卡片間距 */
            width: calc( (100% - 2em ) / 3); 
            /* 不縮小 */
            flex-shrink: 0;
        }
        /* 編輯與檢視模式 */
        .view-mode, .edit-mode {
            /* 填滿剩餘空間，推動按鈕到下方 */
            flex: 1;   
            /* 使用 Flex 排列 */
            display: flex;
            /* 垂直排列 */
            flex-direction: column;
        }
        /* 待辦事項標題樣式 */
        .todo-title {
            /* 設定字體大小 */
            font-size: 1.5em;
            /* 設定字體粗細 */
            font-weight: bold;
            /* 設定底部外邊距 */
            margin-bottom: 0.5em;
        }
        /* 待辦事項內容樣式 */
        .todo-content {
            /* 填滿剩餘空間 */
            flex: 1;
            /* 自動換行 */
            word-wrap: break-word;
            /* 設定文字顏色 */
            color: #555;
        }
        /* 編輯模式下的輸入框樣式 */
        .todo-card input {
            /* 設定寬度 */
            width: 100%;
            /* 設定內邊距 */
            padding: 0.5em;
            /* 設定字體大小 */
            margin-bottom: 0.5em;
        }
        /* 卡片按鈕區域 */
        .card-buttons {
            /* 使用 Flex 排列 */
            display: flex;
            /* 設定水平間距 */
            gap: 0.5em;
            /* 設定頂部外邊距 */
            margin-top: 1em;
        }
        /* 卡片按鈕樣式 */
        .card-buttons button {
            /* 填滿剩餘空間 */
            flex: 1;
            /* 設定內邊距 */
            padding: 0.5em;
            /* 設定字體大小 */
            font-size: 1em;
            /* 設定游標為指標狀 */
            cursor: pointer;
        }
        /* 不同按鈕的背景顏色 */
        .edit { background: #eef3ff; }
        .save { background: #e6fff0; }
        .cancel { background: #f0f0f0; }
        .delete { background: #ffecec; }
    </style>
</head>
<body>
<!-- 主應用程式容器 -->
<div class=""app"">
    <!-- 待辦事項表單 -->
    <div class=""todo-form"">
        <!-- 表單標題 -->
        <h1>Todo List</h1>
        <!-- 表單內容 -->
        <form id=""todoForm"">
            <!-- 事項標題 -->
            <input type=""text"" name=""title"" placeholder=""事項標題"">
            <!-- 事項內容 -->
            <input type=""text"" name=""content"" placeholder=""事項內容"">
            <!-- 表單按鈕區域 -->
            <div class=""form-buttons"">
                <button type=""submit"">新增</button>
                <button type=""reset"">清除</button>
                
            </div>
        </form>
    </div>
    <!-- 待辦事項列表 -->
    <div class=""todo-list"" id=""todoList"">
       ",1200,['doc-4'],"['3748a24b-cbe5-4403-8346-f3ea562bf224'
 '6cee2194-7135-4d7e-ae32-cf53cfea3e77'
 'fe9b4d60-5d11-485a-a37c-bc6b24f2e621'
 '0ef18a52-b8f2-4a85-afd5-f1d7c3fda6a8'
 '06ddeb58-178e-48e6-bd9f-d0b0d3834029'
 'd87115fb-4903-4877-94c0-1385d52d781b'
 'b0d93564-afcf-42ef-ba30-fd1921ab5638'
 'be474872-5e8b-4475-a11e-17f4813c685b'
 'de7e383c-cc71-46f4-b6f5-9cd81dc6f892'
 '1121fde4-f43c-4af2-b1bb-aba5c9f4e023'
 '07c1843d-0a83-4dab-b688-739d15e0b0fd'
 '698cc26f-e978-410a-bfd3-5ab4999965a3'
 '50048626-fc94-490e-8c1f-e7999c70cdd2']","['51109e25-6514-4f1b-9313-95393e098337'
 'c40066e1-7252-4b20-b674-99ac4f8d5684'
 '0edbe3e6-cf53-4b43-9652-60011f19f47b'
 'e7846ff4-bc57-400d-ba83-14929c7964d1'
 '271292e8-0dc4-422c-ad64-454975686cfd'
 'ded205a6-cb39-47d8-b0c7-815c6462f36f'
 'dcb6c613-a308-4e33-8d8d-0b4f984b298a']",['07bd3cf0-dae3-4503-8f96-fcfbaf0663c0']
3f1201cf8acd113a3f95f9bf1fcbcf52b2419e1fd24478ada6f84259ebab3a3cb73eb8cc9c82f34912dc92f1583450302cb793c06cdaaec6264eaa8aa2b51f90,14,"同按鈕的背景顏色 */
        .edit { background: #eef3ff; }
        .save { background: #e6fff0; }
        .cancel { background: #f0f0f0; }
        .delete { background: #ffecec; }
    </style>
</head>
<body>
<!-- 主應用程式容器 -->
<div class=""app"">
    <!-- 待辦事項表單 -->
    <div class=""todo-form"">
        <!-- 表單標題 -->
        <h1>Todo List</h1>
        <!-- 表單內容 -->
        <form id=""todoForm"">
            <!-- 事項標題 -->
            <input type=""text"" name=""title"" placeholder=""事項標題"">
            <!-- 事項內容 -->
            <input type=""text"" name=""content"" placeholder=""事項內容"">
            <!-- 表單按鈕區域 -->
            <div class=""form-buttons"">
                <button type=""submit"">新增</button>
                <button type=""reset"">清除</button>
                
            </div>
        </form>
    </div>
    <!-- 待辦事項列表 -->
    <div class=""todo-list"" id=""todoList"">
        <!-- 待辦事項卡片將由 JavaScript 動態生成並插入此處 -->
    </div>
</div>

<script>
    const todoForm = document.getElementById(""todoForm"");
    const todoListElement = document.getElementById(""todoList"");

    // 初始待辦事項現有資料
    let todoList = [
        { title: ""2024/09/08"", content: ""Web 作業"" },
        { title: ""2024/09/15"", content: ""CS 作業"" },
        { title: ""2024/09/20"", content: ""電腦繪圖電腦繪圖電腦繪圖電腦繪圖電腦繪圖電腦繪圖電腦繪圖電腦繪圖電腦繪圖電腦繪圖 作業"" }
    ];

    // 按下表單送出按鈕新增待辦事項
    todoForm.addEventListener(""submit"", function (e) {
        // 阻止表單預設送出行為
        e.preventDefault();
        // 去除輸入值前後空白並取得標題輸入值
        const title = todoForm.title.value.trim();
        // 去除輸入值前後空白並取得內容輸入值
        const content = todoForm.content.value.trim();
        // 檢查標題與內容是否有輸入，若無則跳出提示
        if (!title || !content) return alert(""請輸入完整資料"");
        // 將新待辦事項加入待辦事項陣列
        todoList.push({ title, content });
        // 重設表單清空輸入欄位
        todoForm.reset();
        // 重新渲染待辦事項列表
        renderTodos();
    });

    // 渲染待辦事項列表函式
    function renderTodos() {
        // 渲染前先清空待辦事項列表
        todoListElement.innerHTML = """";
        // 逐一建立待辦事項卡片並加入待辦事項列表
        todoList.forEach((item, index) => {
            // 建立待辦事項卡片元素
            const card = document.createElement(""div"");
            // 設定卡片類別名稱與內容
            card.className = ""todo-card"";
            // 設定卡片內部 HTML 結構，其中每個按鈕帶有對應的索引值，使用${index} 來區分
            // 卡片結構包含檢視模式和編輯模式兩種狀態，以及編輯、儲存、取消和刪除按鈕
            card.innerHTML = `
                <div class=""view-mode"">
                    <div class=""todo-title"">${item.title}</div>
                    <div class=""todo-content"">${item.content}</div>
                </div>
                <div class=""edit-mode"" style=""display:none"">
                    <input class=""edit-title"" value=""${item.title}"">
                    <input class=""edit-content"" value=""${item.content}"">
                </div>
                <div class=""card-buttons"">
                    <button class=""edit"" data-index=""${index}"">編輯</button>
",1200,['doc-4'],"['70efb1f3-4e22-4300-ac61-a1dc823d69eb'
 '9526646b-f46a-4bfb-a4be-ba5b3d736295'
 '5eb7b3dd-02a1-4f2f-8e5d-a77b255c1804'
 '54c26692-df1e-44e1-a968-c80c6da613bf'
 'd4d5f585-5c6d-40fe-8165-cf45e08256a6'
 'c6064fcf-7e99-40f9-942c-691ab5e26c49'
 '88ebe2a1-94b4-4a04-a70a-8bb6f708c0e5'
 '20eff45d-9874-4f76-ae68-9682bb4a274c'
 '2ebd8351-1271-451e-90b7-ff9783043ecc']","['7e09922f-bc66-4ba4-a808-dadf48658a96'
 '6861d294-32a9-45b6-a2e1-408a62b2bf26'
 'd31fa7e6-36a3-45f6-87f1-712564a85427'
 'c3cf779b-e201-41bd-8d05-769e6ba8b41f'
 '0ed47238-1e99-45b9-a3ba-2e01c5ad8dd4'
 '323fa1a6-b367-4ca5-b1db-aaf234a95d12'
 '5d5abefc-f709-4e16-b407-545c929d3a56'
 '74efa69a-d1fa-45bf-8ec1-a9d072662c1f'
 'f0af9eaa-a1cf-42fb-a35f-03e95c88a7f6']",['0520776c-548f-4a26-882f-f0b407534155']
71c87aca16b762ffc4deee532606a3e3b7790db340892ec2eed4b5c78c34a6b2b65e6b5600664d3d7c6bbc518fa48bfeb6ab6b653826d10f97c7ff1ef1c903ed,15,"項列表
        todoList.forEach((item, index) => {
            // 建立待辦事項卡片元素
            const card = document.createElement(""div"");
            // 設定卡片類別名稱與內容
            card.className = ""todo-card"";
            // 設定卡片內部 HTML 結構，其中每個按鈕帶有對應的索引值，使用${index} 來區分
            // 卡片結構包含檢視模式和編輯模式兩種狀態，以及編輯、儲存、取消和刪除按鈕
            card.innerHTML = `
                <div class=""view-mode"">
                    <div class=""todo-title"">${item.title}</div>
                    <div class=""todo-content"">${item.content}</div>
                </div>
                <div class=""edit-mode"" style=""display:none"">
                    <input class=""edit-title"" value=""${item.title}"">
                    <input class=""edit-content"" value=""${item.content}"">
                </div>
                <div class=""card-buttons"">
                    <button class=""edit"" data-index=""${index}"">編輯</button>
                    <button class=""save"" data-index=""${index}"" style=""display:none"">儲存</button>
                    <button class=""cancel"" data-index=""${index}"" style=""display:none"">取消</button>
                    <button class=""delete"" data-index=""${index}"">刪除</button>
                </div>`;
            // 將卡片加入待辦事項列表元素中的最後面
            todoListElement.appendChild(card);
        });
    }
    // 監聽待辦事項列表的點擊事件，使用事件代理處理按鈕功能
    todoListElement.addEventListener(""click"", function (e) {
        // 取得被點擊的按鈕的索引值
        // 其中e是事件物件
        // target是事件目標元素
        // dataset.index是自訂資料屬性
        const index = e.target.dataset.index;
        // 若索引值不存在則跳出
        if (index === undefined) return;
        // 取得被點擊按鈕所在的待辦事項卡片元素，closest方法用於尋找最近的符合選擇器的父元素
        const card = e.target.closest("".todo-card"");
        // 取得卡片中的檢視模式元素
        const view = card.querySelector("".view-mode"");
        // 取得卡片中的編輯模式元素
        const edit = card.querySelector("".edit-mode"");
        // 取得卡片中的編輯按鈕元素
        const editBtn = card.querySelector("".edit"");
        // 取得卡片中的儲存按鈕元素
        const saveBtn = card.querySelector("".save"");
        // 取得卡片中的取消按鈕元素
        const cancelBtn = card.querySelector("".cancel"");
        // 根據點擊的按鈕類別執行對應功能，使用contains方法檢查按鈕類別是否包含特定delete類別名稱
        if (e.target.classList.contains(""delete"")) {
            // 刪除對應索引的待辦事項，splice方法用於從陣列中移除元素，第一個參數是起始索引，第二個參數1表示只移除一個元素
            todoList.splice(index, 1);
            // 重新渲染待辦事項列表
            renderTodos();
        }
        // 根據點擊的按鈕類別執行對應功能，使用contains方法檢查按鈕類別是否包含特定edit類別名稱
        if (e.target.classList.contains(""edit"")) {
            // 切換到編輯模式，隱藏檢視模式並顯示編輯模式
            view.style.display = ""none"";
            // 顯示編輯模式元素
            edit.style.display = ""block"";
            // 切換按鈕顯示狀態
            editBtn.style.display = ""none"";
            // 顯示儲存與取消按鈕
            saveBtn.style.display = ""block"";
            // 顯示取消按鈕
            cancelBtn.style.display = ""block"";
        }
        // 根據點擊的按鈕類別執行對應功能，使用contains方法檢查按鈕類別是否包含特",1200,['doc-4'],"['eab6bc42-aa8d-4156-9ae9-235dadeaf0a7'
 '70efb1f3-4e22-4300-ac61-a1dc823d69eb'
 '9526646b-f46a-4bfb-a4be-ba5b3d736295'
 '5eb7b3dd-02a1-4f2f-8e5d-a77b255c1804'
 '20eff45d-9874-4f76-ae68-9682bb4a274c'
 '2ebd8351-1271-451e-90b7-ff9783043ecc'
 '16fc06a9-7c66-49f4-a09c-762fb46ce71b'
 '14774bb9-f4d1-4c43-bb7a-0a5aba9b8aac'
 '6b2597f7-8320-487f-a1ec-966bc71e5aaa'
 '04da7b2f-958b-4973-b943-68767be6c8af']","['7e09922f-bc66-4ba4-a808-dadf48658a96'
 '6861d294-32a9-45b6-a2e1-408a62b2bf26'
 'c3cf779b-e201-41bd-8d05-769e6ba8b41f'
 '0ed47238-1e99-45b9-a3ba-2e01c5ad8dd4'
 '323fa1a6-b367-4ca5-b1db-aaf234a95d12'
 '5d5abefc-f709-4e16-b407-545c929d3a56'
 '581a78fc-640f-42b3-8359-43aad60c0965'
 '467a1890-08b2-4a13-8d02-1795654364a2'
 'bcf05f5c-2d4c-4a18-8f6e-3177a5b33ead'
 '202c15ef-dc5f-49af-ab1f-f4fe689250ce']",['bc6d49d7-56a8-497e-bb43-31d0e85260b1']
e1e6208d3632cc5fd3ef97e02ac9745cbbb1c71f2dfb02f96212ede72d356ba427fd7635d190d36b72723bc6004ff99d967abe2c19d1d7bd4ab9ea07c18c80f9,16," todoList.splice(index, 1);
            // 重新渲染待辦事項列表
            renderTodos();
        }
        // 根據點擊的按鈕類別執行對應功能，使用contains方法檢查按鈕類別是否包含特定edit類別名稱
        if (e.target.classList.contains(""edit"")) {
            // 切換到編輯模式，隱藏檢視模式並顯示編輯模式
            view.style.display = ""none"";
            // 顯示編輯模式元素
            edit.style.display = ""block"";
            // 切換按鈕顯示狀態
            editBtn.style.display = ""none"";
            // 顯示儲存與取消按鈕
            saveBtn.style.display = ""block"";
            // 顯示取消按鈕
            cancelBtn.style.display = ""block"";
        }
        // 根據點擊的按鈕類別執行對應功能，使用contains方法檢查按鈕類別是否包含特定save類別名稱
        if (e.target.classList.contains(""save"")) {
            // 儲存編輯後的待辦事項資料，從輸入edit-title欄位取得新標題與內容並更新到待辦事項陣列中
            todoList[index].title = card.querySelector("".edit-title"").value;
            // 儲存編輯後的待辦事項資料，從輸入edit-content欄位取得新內容並更新到待辦事項陣列中
            todoList[index].content = card.querySelector("".edit-content"").value;
            // 重新渲染待辦事項列表
            renderTodos();
        }
        // 根據點擊的按鈕類別執行對應功能，使用contains方法檢查按鈕類別是否包含特定cancel類別名稱
        if (e.target.classList.contains(""cancel"")) {
            // 取消編輯，恢復檢視模式顯示並隱藏編輯模式
            renderTodos();
        }
    });
    // 初始渲染待辦事項列表
    renderTodos();
</script>
</body>
</html>

```",637,['doc-4'],"['eab6bc42-aa8d-4156-9ae9-235dadeaf0a7'
 '16fc06a9-7c66-49f4-a09c-762fb46ce71b'
 'a44e79e1-f03d-40e1-8475-cfd83fabaaea'
 '4fc23db1-7a3f-414c-ad70-2d58586b34ee']","['6861d294-32a9-45b6-a2e1-408a62b2bf26'
 '9f1ae513-7a38-4d60-a888-c4d759aec20c'
 '46d04a93-d648-4c32-aeb8-9654775e5c01'
 'a2f3b002-0fce-4b2a-b1ef-803c666e2c8e'
 '372ef542-e751-47fc-bf16-9cb6f4bf5475'
 'd9c28d5d-e87a-4652-a292-f18787f8544a'
 '671b5523-3610-4f15-8e11-8ec04eb06932'
 '2f61924c-63d3-461d-8d06-1c38015d51e7'
 'cfd1954a-680e-467b-ae43-71a4e6af4a93']",['96018e92-fba8-4e02-9c27-d95121eeee18']
